repetition,metric,measured_cells,mean_percent,minimum_percent,maximum_percent
1,coverage_before,4,54.059507476156945,38.332368268674,90.71013845466726
1,standardized_coverage_before,4,54.059507476156945,38.332368268674,90.71013845466726
1,standardized_coverage_after,4,68.47685761204359,51.69029443838604,90.71013845466726
2,coverage_before,4,50.75663320802978,35.260518250208975,88.76355748373102
2,standardized_coverage_before,4,50.75663320802978,35.260518250208975,88.76355748373102
2,standardized_coverage_after,4,60.94685957372435,35.260518250208975,89.41431670281996
3,coverage_before,4,52.61267823949219,26.578491576129743,96.10761305094448
3,standardized_coverage_before,4,52.61267823949219,26.578491576129743,96.10761305094448
3,standardized_coverage_after,4,69.50149743123077,45.01653282947567,96.10761305094448
