manifest_index,project_id,project,tool,repetition,execution_status,terminal,returncode,attempt,started_at,ended_at,error_class,error_excerpt,source_run_dir,reservation_depth,canonical_state_present
0,crust__2dpartint,2dpartint,crust,0,completed,True,0,1,2026-08-05T17:19:29.645390Z,2026-08-05T20:50:34.385274Z,,,/opt/codeweaver-gpt-sol-comparison/runs/full/crust__2dpartint/rep0,0,True
0,crust__2dpartint,2dpartint,crust,1,running,False,,1,2026-08-05T18:11:25.414655Z,,,,/opt/codeweaver-gpt-sol-comparison/runs/full/crust__2dpartint/rep1,0,True
0,crust__2dpartint,2dpartint,crust,2,running,False,,1,2026-08-05T18:11:25.414284Z,,,,/opt/codeweaver-gpt-sol-comparison/runs/full/crust__2dpartint/rep2,0,True
1,crust__42-kocaeli-printf,42-kocaeli-printf,crust,0,completed,True,0,1,2026-08-05T18:11:25.417025Z,2026-08-05T19:03:27.155172Z,,,/opt/codeweaver-gpt-sol-comparison/runs/full/crust__42-kocaeli-printf/rep0,0,True
1,crust__42-kocaeli-printf,42-kocaeli-printf,crust,1,completed,True,0,1,2026-08-05T18:11:25.416690Z,2026-08-05T20:14:25.199676Z,,,/opt/codeweaver-gpt-sol-comparison/runs/full/crust__42-kocaeli-printf/rep1,0,True
1,crust__42-kocaeli-printf,42-kocaeli-printf,crust,2,completed,True,0,1,2026-08-05T18:11:25.419085Z,2026-08-05T19:05:46.499067Z,,,/opt/codeweaver-gpt-sol-comparison/runs/full/crust__42-kocaeli-printf/rep2,0,True
2,crust__aes128-simd,aes128-simd,crust,0,completed,True,0,1,2026-08-05T18:11:25.421831Z,2026-08-05T19:07:49.463041Z,,,/opt/codeweaver-gpt-sol-comparison/runs/full/crust__aes128-simd/rep0,0,True
2,crust__aes128-simd,aes128-simd,crust,1,completed,True,0,1,2026-08-05T18:11:25.420836Z,2026-08-05T19:16:55.525887Z,,,/opt/codeweaver-gpt-sol-comparison/runs/full/crust__aes128-simd/rep1,0,True
2,crust__aes128-simd,aes128-simd,crust,2,completed,True,0,1,2026-08-05T18:11:25.429649Z,2026-08-05T19:18:53.983314Z,,,/opt/codeweaver-gpt-sol-comparison/runs/full/crust__aes128-simd/rep2,0,True
3,crust__amp,amp,crust,0,completed,True,0,1,2026-08-05T19:03:27.196584Z,2026-08-05T19:45:31.365737Z,,,/opt/codeweaver-gpt-sol-comparison/runs/full/crust__amp/rep0,0,True
3,crust__amp,amp,crust,1,completed,True,0,1,2026-08-05T19:05:46.536195Z,2026-08-05T19:51:06.373423Z,,,/opt/codeweaver-gpt-sol-comparison/runs/full/crust__amp/rep1,0,True
3,crust__amp,amp,crust,2,completed,True,0,1,2026-08-05T19:07:49.478856Z,2026-08-05T19:57:53.385752Z,,,/opt/codeweaver-gpt-sol-comparison/runs/full/crust__amp/rep2,0,True
4,crust__approxidate,approxidate,crust,0,running,False,,1,2026-08-05T19:16:55.544780Z,,,,/opt/codeweaver-gpt-sol-comparison/runs/full/crust__approxidate/rep0,0,True
4,crust__approxidate,approxidate,crust,1,running,False,,1,2026-08-05T19:18:53.989132Z,,,,/opt/codeweaver-gpt-sol-comparison/runs/full/crust__approxidate/rep1,0,True
4,crust__approxidate,approxidate,crust,2,running,False,,1,2026-08-05T19:45:31.370510Z,,,,/opt/codeweaver-gpt-sol-comparison/runs/full/crust__approxidate/rep2,0,True
5,crust__avalanche,avalanche,crust,0,running,False,,1,2026-08-05T19:51:06.422947Z,,,,/opt/codeweaver-gpt-sol-comparison/runs/full/crust__avalanche/rep0,0,True
5,crust__avalanche,avalanche,crust,1,completed,True,0,1,2026-08-05T19:57:53.389452Z,2026-08-05T20:55:39.746613Z,,,/opt/codeweaver-gpt-sol-comparison/runs/full/crust__avalanche/rep1,0,True
5,crust__avalanche,avalanche,crust,2,running,False,,1,2026-08-05T20:14:25.203140Z,,,,/opt/codeweaver-gpt-sol-comparison/runs/full/crust__avalanche/rep2,0,True
6,crust__bhshell,bhshell,crust,0,running,False,,1,2026-08-05T20:55:39.752009Z,,,,/opt/codeweaver-gpt-sol-comparison/runs/full/crust__bhshell/rep0,0,True
6,crust__bhshell,bhshell,crust,1,queued,False,,,,,,,/opt/codeweaver-gpt-sol-comparison/runs/full/crust__bhshell/rep1,0,False
6,crust__bhshell,bhshell,crust,2,queued,False,,,,,,,/opt/codeweaver-gpt-sol-comparison/runs/full/crust__bhshell/rep2,0,False
7,crust__bigint,bigint,crust,0,queued,False,,,,,,,/opt/codeweaver-gpt-sol-comparison/runs/full/crust__bigint/rep0,0,False
7,crust__bigint,bigint,crust,1,queued,False,,,,,,,/opt/codeweaver-gpt-sol-comparison/runs/full/crust__bigint/rep1,0,False
7,crust__bigint,bigint,crust,2,queued,False,,,,,,,/opt/codeweaver-gpt-sol-comparison/runs/full/crust__bigint/rep2,0,False
8,crust__bitset,bitset,crust,0,queued,False,,,,,,,/opt/codeweaver-gpt-sol-comparison/runs/full/crust__bitset/rep0,0,False
8,crust__bitset,bitset,crust,1,queued,False,,,,,,,/opt/codeweaver-gpt-sol-comparison/runs/full/crust__bitset/rep1,0,False
8,crust__bitset,bitset,crust,2,queued,False,,,,,,,/opt/codeweaver-gpt-sol-comparison/runs/full/crust__bitset/rep2,0,False
9,crust__blt,blt,crust,0,queued,False,,,,,,,/opt/codeweaver-gpt-sol-comparison/runs/full/crust__blt/rep0,0,False
9,crust__blt,blt,crust,1,queued,False,,,,,,,/opt/codeweaver-gpt-sol-comparison/runs/full/crust__blt/rep1,0,False
9,crust__blt,blt,crust,2,queued,False,,,,,,,/opt/codeweaver-gpt-sol-comparison/runs/full/crust__blt/rep2,0,False
10,crust__bostree,bostree,crust,0,queued,False,,,,,,,/opt/codeweaver-gpt-sol-comparison/runs/full/crust__bostree/rep0,0,False
10,crust__bostree,bostree,crust,1,queued,False,,,,,,,/opt/codeweaver-gpt-sol-comparison/runs/full/crust__bostree/rep1,0,False
10,crust__bostree,bostree,crust,2,queued,False,,,,,,,/opt/codeweaver-gpt-sol-comparison/runs/full/crust__bostree/rep2,0,False
11,crust__btree-map,btree-map,crust,0,queued,False,,,,,,,/opt/codeweaver-gpt-sol-comparison/runs/full/crust__btree-map/rep0,0,False
11,crust__btree-map,btree-map,crust,1,queued,False,,,,,,,/opt/codeweaver-gpt-sol-comparison/runs/full/crust__btree-map/rep1,0,False
11,crust__btree-map,btree-map,crust,2,queued,False,,,,,,,/opt/codeweaver-gpt-sol-comparison/runs/full/crust__btree-map/rep2,0,False
12,crust__c-aces,c-aces,crust,0,queued,False,,,,,,,/opt/codeweaver-gpt-sol-comparison/runs/full/crust__c-aces/rep0,0,False
12,crust__c-aces,c-aces,crust,1,queued,False,,,,,,,/opt/codeweaver-gpt-sol-comparison/runs/full/crust__c-aces/rep1,0,False
12,crust__c-aces,c-aces,crust,2,queued,False,,,,,,,/opt/codeweaver-gpt-sol-comparison/runs/full/crust__c-aces/rep2,0,False
13,crust__c-blind-rsa-signatures,c-blind-rsa-signatures,crust,0,queued,False,,,,,,,/opt/codeweaver-gpt-sol-comparison/runs/full/crust__c-blind-rsa-signatures/rep0,0,False
13,crust__c-blind-rsa-signatures,c-blind-rsa-signatures,crust,1,queued,False,,,,,,,/opt/codeweaver-gpt-sol-comparison/runs/full/crust__c-blind-rsa-signatures/rep1,0,False
13,crust__c-blind-rsa-signatures,c-blind-rsa-signatures,crust,2,queued,False,,,,,,,/opt/codeweaver-gpt-sol-comparison/runs/full/crust__c-blind-rsa-signatures/rep2,0,False
14,crust__c-string,c-string,crust,0,queued,False,,,,,,,/opt/codeweaver-gpt-sol-comparison/runs/full/crust__c-string/rep0,0,False
14,crust__c-string,c-string,crust,1,queued,False,,,,,,,/opt/codeweaver-gpt-sol-comparison/runs/full/crust__c-string/rep1,0,False
14,crust__c-string,c-string,crust,2,queued,False,,,,,,,/opt/codeweaver-gpt-sol-comparison/runs/full/crust__c-string/rep2,0,False
15,crust__carrays,carrays,crust,0,completed,True,0,1,2026-08-05T18:31:35.089377Z,2026-08-05T20:15:16.608691Z,,,/opt/codeweaver-gpt-sol-comparison/runs-shard4/full/crust__carrays/rep0,1,True
15,crust__carrays,carrays,crust,1,completed,True,0,1,2026-08-05T18:31:35.090376Z,2026-08-05T19:39:36.776344Z,,,/opt/codeweaver-gpt-sol-comparison/runs-shard4/full/crust__carrays/rep1,1,True
15,crust__carrays,carrays,crust,2,completed,True,0,1,2026-08-05T18:31:35.091209Z,2026-08-05T19:44:07.053787Z,,,/opt/codeweaver-gpt-sol-comparison/runs-shard4/full/crust__carrays/rep2,1,True
16,crust__cfsm,cfsm,crust,0,failed,True,1,1,2026-08-05T18:31:35.092850Z,2026-08-05T19:16:10.470500Z,max_repair_terminal,[codeweaver] project=crust__cfsm app_id=full-crust__cfsm-rep0 mock=False db=/opt/codeweaver-gpt-sol-comparison/runs-shard4/full/crust__cfsm/rep0/pipeline/burr.db,/opt/codeweaver-gpt-sol-comparison/runs-shard4/full/crust__cfsm/rep0,1,True
16,crust__cfsm,cfsm,crust,1,failed,True,1,1,2026-08-05T18:31:35.093752Z,2026-08-05T19:16:11.507082Z,max_repair_terminal,[codeweaver] project=crust__cfsm app_id=full-crust__cfsm-rep1 mock=False db=/opt/codeweaver-gpt-sol-comparison/runs-shard4/full/crust__cfsm/rep1/pipeline/burr.db,/opt/codeweaver-gpt-sol-comparison/runs-shard4/full/crust__cfsm/rep1,1,True
16,crust__cfsm,cfsm,crust,2,failed,True,1,1,2026-08-05T18:31:35.097315Z,2026-08-05T19:17:22.078777Z,max_repair_terminal,[codeweaver] project=crust__cfsm app_id=full-crust__cfsm-rep2 mock=False db=/opt/codeweaver-gpt-sol-comparison/runs-shard4/full/crust__cfsm/rep2/pipeline/burr.db,/opt/codeweaver-gpt-sol-comparison/runs-shard4/full/crust__cfsm/rep2,1,True
17,crust__chtrie,chtrie,crust,0,completed,True,0,1,2026-08-05T19:16:10.480972Z,2026-08-05T20:12:49.639461Z,,,/opt/codeweaver-gpt-sol-comparison/runs-shard4/full/crust__chtrie/rep0,1,True
17,crust__chtrie,chtrie,crust,1,completed,True,0,1,2026-08-05T19:16:11.513705Z,2026-08-05T20:06:53.822143Z,,,/opt/codeweaver-gpt-sol-comparison/runs-shard4/full/crust__chtrie/rep1,1,True
17,crust__chtrie,chtrie,crust,2,completed,True,0,1,2026-08-05T19:17:22.082607Z,2026-08-05T20:12:16.808257Z,,,/opt/codeweaver-gpt-sol-comparison/runs-shard4/full/crust__chtrie/rep2,1,True
18,crust__circularbuffer,circularbuffer,crust,0,completed,True,0,1,2026-08-05T19:39:36.784002Z,2026-08-05T20:25:03.763137Z,,,/opt/codeweaver-gpt-sol-comparison/runs-shard4/full/crust__circularbuffer/rep0,1,True
18,crust__circularbuffer,circularbuffer,crust,1,completed,True,0,1,2026-08-05T19:44:07.076243Z,2026-08-05T20:35:30.141811Z,,,/opt/codeweaver-gpt-sol-comparison/runs-shard4/full/crust__circularbuffer/rep1,1,True
18,crust__circularbuffer,circularbuffer,crust,2,completed,True,0,1,2026-08-05T20:06:53.825307Z,2026-08-05T20:57:01.362368Z,,,/opt/codeweaver-gpt-sol-comparison/runs-shard4/full/crust__circularbuffer/rep2,1,True
19,crust__cissy,cissy,crust,0,running,False,,1,2026-08-05T20:12:16.812930Z,,,,/opt/codeweaver-gpt-sol-comparison/runs-shard4/full/crust__cissy/rep0,1,True
19,crust__cissy,cissy,crust,1,running,False,,1,2026-08-05T20:12:49.642299Z,,,,/opt/codeweaver-gpt-sol-comparison/runs-shard4/full/crust__cissy/rep1,1,True
19,crust__cissy,cissy,crust,2,failed,True,1,1,2026-08-05T20:15:16.614014Z,2026-08-05T21:07:45.542714Z,max_repair_terminal,[codeweaver] project=crust__cissy app_id=full-crust__cissy-rep2 mock=False db=/opt/codeweaver-gpt-sol-comparison/runs-shard4/full/crust__cissy/rep2/pipeline/burr.db,/opt/codeweaver-gpt-sol-comparison/runs-shard4/full/crust__cissy/rep2,1,True
20,crust__cjson,cjson,crust,0,running,False,,1,2026-08-05T20:25:03.767034Z,,,,/opt/codeweaver-gpt-sol-comparison/runs-shard4/full/crust__cjson/rep0,1,True
20,crust__cjson,cjson,crust,1,running,False,,1,2026-08-05T20:35:30.147521Z,,,,/opt/codeweaver-gpt-sol-comparison/runs-shard4/full/crust__cjson/rep1,1,True
20,crust__cjson,cjson,crust,2,running,False,,1,2026-08-05T20:57:01.368001Z,,,,/opt/codeweaver-gpt-sol-comparison/runs-shard4/full/crust__cjson/rep2,1,True
21,crust__clhash,clhash,crust,0,running,False,,1,2026-08-05T21:07:45.548719Z,,,,/opt/codeweaver-gpt-sol-comparison/runs-shard4/full/crust__clhash/rep0,1,True
21,crust__clhash,clhash,crust,1,queued,False,,,,,,,/opt/codeweaver-gpt-sol-comparison/runs-shard4/full/crust__clhash/rep1,1,True
21,crust__clhash,clhash,crust,2,queued,False,,,,,,,/opt/codeweaver-gpt-sol-comparison/runs-shard4/full/crust__clhash/rep2,1,True
22,crust__clog,clog,crust,0,queued,False,,,,,,,/opt/codeweaver-gpt-sol-comparison/runs-shard4/full/crust__clog/rep0,1,True
22,crust__clog,clog,crust,1,queued,False,,,,,,,/opt/codeweaver-gpt-sol-comparison/runs-shard4/full/crust__clog/rep1,1,True
22,crust__clog,clog,crust,2,queued,False,,,,,,,/opt/codeweaver-gpt-sol-comparison/runs-shard4/full/crust__clog/rep2,1,True
23,crust__coroutine,coroutine,crust,0,queued,False,,,,,,,/opt/codeweaver-gpt-sol-comparison/runs-shard4/full/crust__coroutine/rep0,1,True
23,crust__coroutine,coroutine,crust,1,queued,False,,,,,,,/opt/codeweaver-gpt-sol-comparison/runs-shard4/full/crust__coroutine/rep1,1,True
23,crust__coroutine,coroutine,crust,2,queued,False,,,,,,,/opt/codeweaver-gpt-sol-comparison/runs-shard4/full/crust__coroutine/rep2,1,True
24,crust__cset,cset,crust,0,queued,False,,,,,,,/opt/codeweaver-gpt-sol-comparison/runs-shard4/full/crust__cset/rep0,1,True
24,crust__cset,cset,crust,1,queued,False,,,,,,,/opt/codeweaver-gpt-sol-comparison/runs-shard4/full/crust__cset/rep1,1,True
24,crust__cset,cset,crust,2,queued,False,,,,,,,/opt/codeweaver-gpt-sol-comparison/runs-shard4/full/crust__cset/rep2,1,True
25,crust__csyncmers,csyncmers,crust,0,queued,False,,,,,,,/opt/codeweaver-gpt-sol-comparison/runs-shard4/full/crust__csyncmers/rep0,1,True
25,crust__csyncmers,csyncmers,crust,1,queued,False,,,,,,,/opt/codeweaver-gpt-sol-comparison/runs-shard4/full/crust__csyncmers/rep1,1,True
25,crust__csyncmers,csyncmers,crust,2,queued,False,,,,,,,/opt/codeweaver-gpt-sol-comparison/runs-shard4/full/crust__csyncmers/rep2,1,True
26,crust__dict,dict,crust,0,queued,False,,,,,,,/opt/codeweaver-gpt-sol-comparison/runs-shard4/full/crust__dict/rep0,1,True
26,crust__dict,dict,crust,1,queued,False,,,,,,,/opt/codeweaver-gpt-sol-comparison/runs-shard4/full/crust__dict/rep1,1,True
26,crust__dict,dict,crust,2,queued,False,,,,,,,/opt/codeweaver-gpt-sol-comparison/runs-shard4/full/crust__dict/rep2,1,True
27,crust__emlang,emlang,crust,0,queued,False,,,,,,,/opt/codeweaver-gpt-sol-comparison/runs-shard4/full/crust__emlang/rep0,1,True
27,crust__emlang,emlang,crust,1,queued,False,,,,,,,/opt/codeweaver-gpt-sol-comparison/runs-shard4/full/crust__emlang/rep1,1,True
27,crust__emlang,emlang,crust,2,queued,False,,,,,,,/opt/codeweaver-gpt-sol-comparison/runs-shard4/full/crust__emlang/rep2,1,True
28,crust__expr,expr,crust,0,queued,False,,,,,,,/opt/codeweaver-gpt-sol-comparison/runs-shard4/full/crust__expr/rep0,1,True
28,crust__expr,expr,crust,1,queued,False,,,,,,,/opt/codeweaver-gpt-sol-comparison/runs-shard4/full/crust__expr/rep1,1,True
28,crust__expr,expr,crust,2,queued,False,,,,,,,/opt/codeweaver-gpt-sol-comparison/runs-shard4/full/crust__expr/rep2,1,True
29,crust__fasthamming,fasthamming,crust,0,queued,False,,,,,,,/opt/codeweaver-gpt-sol-comparison/runs-shard4/full/crust__fasthamming/rep0,1,True
29,crust__fasthamming,fasthamming,crust,1,queued,False,,,,,,,/opt/codeweaver-gpt-sol-comparison/runs-shard4/full/crust__fasthamming/rep1,1,True
29,crust__fasthamming,fasthamming,crust,2,queued,False,,,,,,,/opt/codeweaver-gpt-sol-comparison/runs-shard4/full/crust__fasthamming/rep2,1,True
30,crust__fft,fft,crust,0,completed,True,0,1,2026-08-05T18:26:34.839444Z,2026-08-05T19:21:56.906849Z,,,/opt/codeweaver-gpt-sol-comparison/runs-shard3/full/crust__fft/rep0,1,True
30,crust__fft,fft,crust,1,completed,True,0,1,2026-08-05T18:26:34.840690Z,2026-08-05T19:12:31.703359Z,,,/opt/codeweaver-gpt-sol-comparison/runs-shard3/full/crust__fft/rep1,1,True
30,crust__fft,fft,crust,2,completed,True,0,1,2026-08-05T18:26:34.842340Z,2026-08-05T19:13:47.478043Z,,,/opt/codeweaver-gpt-sol-comparison/runs-shard3/full/crust__fft/rep2,1,True
31,crust__file2str,file2str,crust,0,completed,True,0,1,2026-08-05T18:26:34.846374Z,2026-08-05T19:28:05.560290Z,,,/opt/codeweaver-gpt-sol-comparison/runs-shard3/full/crust__file2str/rep0,1,True
31,crust__file2str,file2str,crust,1,completed,True,0,1,2026-08-05T18:26:34.858571Z,2026-08-05T18:58:43.230640Z,,,/opt/codeweaver-gpt-sol-comparison/runs-shard3/full/crust__file2str/rep1,1,True
31,crust__file2str,file2str,crust,2,completed,True,0,1,2026-08-05T18:26:34.862982Z,2026-08-05T19:33:49.654665Z,,,/opt/codeweaver-gpt-sol-comparison/runs-shard3/full/crust__file2str/rep2,1,True
32,crust__fleur,fleur,crust,0,completed,True,0,1,2026-08-05T18:58:43.252181Z,2026-08-05T20:10:54.139684Z,,,/opt/codeweaver-gpt-sol-comparison/runs-shard3/full/crust__fleur/rep0,1,True
32,crust__fleur,fleur,crust,1,completed,True,0,1,2026-08-05T19:12:31.733079Z,2026-08-05T20:58:33.122516Z,,,/opt/codeweaver-gpt-sol-comparison/runs-shard3/full/crust__fleur/rep1,1,True
32,crust__fleur,fleur,crust,2,completed,True,0,1,2026-08-05T19:13:47.527374Z,2026-08-05T20:39:46.203117Z,,,/opt/codeweaver-gpt-sol-comparison/runs-shard3/full/crust__fleur/rep2,1,True
33,crust__fs_c,fs_c,crust,0,completed,True,0,1,2026-08-05T19:21:56.913386Z,2026-08-05T20:56:02.210847Z,,,/opt/codeweaver-gpt-sol-comparison/runs-shard3/full/crust__fs_c/rep0,1,True
33,crust__fs_c,fs_c,crust,1,failed,True,1,1,2026-08-05T19:28:05.573602Z,2026-08-05T20:16:18.556370Z,max_repair_terminal,[codeweaver] project=crust__fs_c app_id=full-crust__fs_c-rep1 mock=False db=/opt/codeweaver-gpt-sol-comparison/runs-shard3/full/crust__fs_c/rep1/pipeline/burr.db,/opt/codeweaver-gpt-sol-comparison/runs-shard3/full/crust__fs_c/rep1,1,True
33,crust__fs_c,fs_c,crust,2,running,False,,1,2026-08-05T19:33:49.666129Z,,,,/opt/codeweaver-gpt-sol-comparison/runs-shard3/full/crust__fs_c/rep2,1,True
34,crust__fslib,fslib,crust,0,failed,True,1,1,2026-08-05T20:10:54.143485Z,2026-08-05T21:12:30.095142Z,max_repair_terminal,[codeweaver] project=crust__fslib app_id=full-crust__fslib-rep0 mock=False db=/opt/codeweaver-gpt-sol-comparison/runs-shard3/full/crust__fslib/rep0/pipeline/burr.db,/opt/codeweaver-gpt-sol-comparison/runs-shard3/full/crust__fslib/rep0,1,True
34,crust__fslib,fslib,crust,1,failed,True,1,1,2026-08-05T20:16:18.559594Z,2026-08-05T21:15:35.543719Z,max_repair_terminal,[codeweaver] project=crust__fslib app_id=full-crust__fslib-rep1 mock=False db=/opt/codeweaver-gpt-sol-comparison/runs-shard3/full/crust__fslib/rep1/pipeline/burr.db,/opt/codeweaver-gpt-sol-comparison/runs-shard3/full/crust__fslib/rep1,1,True
34,crust__fslib,fslib,crust,2,running,False,,1,2026-08-05T20:39:46.207261Z,,,,/opt/codeweaver-gpt-sol-comparison/runs-shard3/full/crust__fslib/rep2,1,True
35,crust__genetic-neural-network-for-simple-control,genetic-neural-network-for-simple-control,crust,0,running,False,,1,2026-08-05T20:56:02.215586Z,,,,/opt/codeweaver-gpt-sol-comparison/runs-shard3/full/crust__genetic-neural-network-for-simple-control/rep0,1,True
35,crust__genetic-neural-network-for-simple-control,genetic-neural-network-for-simple-control,crust,1,running,False,,1,2026-08-05T20:58:33.134181Z,,,,/opt/codeweaver-gpt-sol-comparison/runs-shard3/full/crust__genetic-neural-network-for-simple-control/rep1,1,True
35,crust__genetic-neural-network-for-simple-control,genetic-neural-network-for-simple-control,crust,2,running,False,,1,2026-08-05T21:12:30.103321Z,,,,/opt/codeweaver-gpt-sol-comparison/runs-shard3/full/crust__genetic-neural-network-for-simple-control/rep2,1,True
36,crust__geofence,geofence,crust,0,running,False,,1,2026-08-05T21:15:35.549627Z,,,,/opt/codeweaver-gpt-sol-comparison/runs-shard3/full/crust__geofence/rep0,1,True
36,crust__geofence,geofence,crust,1,queued,False,,,,,,,/opt/codeweaver-gpt-sol-comparison/runs-shard3/full/crust__geofence/rep1,1,True
36,crust__geofence,geofence,crust,2,queued,False,,,,,,,/opt/codeweaver-gpt-sol-comparison/runs-shard3/full/crust__geofence/rep2,1,True
37,crust__gfc,gfc,crust,0,queued,False,,,,,,,/opt/codeweaver-gpt-sol-comparison/runs-shard3/full/crust__gfc/rep0,1,True
37,crust__gfc,gfc,crust,1,queued,False,,,,,,,/opt/codeweaver-gpt-sol-comparison/runs-shard3/full/crust__gfc/rep1,1,True
37,crust__gfc,gfc,crust,2,queued,False,,,,,,,/opt/codeweaver-gpt-sol-comparison/runs-shard3/full/crust__gfc/rep2,1,True
38,crust__gorilla-paper-encode,gorilla-paper-encode,crust,0,queued,False,,,,,,,/opt/codeweaver-gpt-sol-comparison/runs-shard3/full/crust__gorilla-paper-encode/rep0,1,True
38,crust__gorilla-paper-encode,gorilla-paper-encode,crust,1,queued,False,,,,,,,/opt/codeweaver-gpt-sol-comparison/runs-shard3/full/crust__gorilla-paper-encode/rep1,1,True
38,crust__gorilla-paper-encode,gorilla-paper-encode,crust,2,queued,False,,,,,,,/opt/codeweaver-gpt-sol-comparison/runs-shard3/full/crust__gorilla-paper-encode/rep2,1,True
39,crust__graph-recogniser,graph-recogniser,crust,0,queued,False,,,,,,,/opt/codeweaver-gpt-sol-comparison/runs-shard3/full/crust__graph-recogniser/rep0,1,True
39,crust__graph-recogniser,graph-recogniser,crust,1,queued,False,,,,,,,/opt/codeweaver-gpt-sol-comparison/runs-shard3/full/crust__graph-recogniser/rep1,1,True
39,crust__graph-recogniser,graph-recogniser,crust,2,queued,False,,,,,,,/opt/codeweaver-gpt-sol-comparison/runs-shard3/full/crust__graph-recogniser/rep2,1,True
40,crust__hamta,hamta,crust,0,queued,False,,,,,,,/opt/codeweaver-gpt-sol-comparison/runs-shard3/full/crust__hamta/rep0,1,True
40,crust__hamta,hamta,crust,1,queued,False,,,,,,,/opt/codeweaver-gpt-sol-comparison/runs-shard3/full/crust__hamta/rep1,1,True
40,crust__hamta,hamta,crust,2,queued,False,,,,,,,/opt/codeweaver-gpt-sol-comparison/runs-shard3/full/crust__hamta/rep2,1,True
41,crust__holdem-odds,holdem-odds,crust,0,queued,False,,,,,,,/opt/codeweaver-gpt-sol-comparison/runs-shard3/full/crust__holdem-odds/rep0,1,True
41,crust__holdem-odds,holdem-odds,crust,1,queued,False,,,,,,,/opt/codeweaver-gpt-sol-comparison/runs-shard3/full/crust__holdem-odds/rep1,1,True
41,crust__holdem-odds,holdem-odds,crust,2,queued,False,,,,,,,/opt/codeweaver-gpt-sol-comparison/runs-shard3/full/crust__holdem-odds/rep2,1,True
42,crust__hydra,hydra,crust,0,queued,False,,,,,,,/opt/codeweaver-gpt-sol-comparison/runs-shard3/full/crust__hydra/rep0,1,True
42,crust__hydra,hydra,crust,1,queued,False,,,,,,,/opt/codeweaver-gpt-sol-comparison/runs-shard3/full/crust__hydra/rep1,1,True
42,crust__hydra,hydra,crust,2,queued,False,,,,,,,/opt/codeweaver-gpt-sol-comparison/runs-shard3/full/crust__hydra/rep2,1,True
43,crust__impcheck,impcheck,crust,0,queued,False,,,,,,,/opt/codeweaver-gpt-sol-comparison/runs-shard3/full/crust__impcheck/rep0,1,True
43,crust__impcheck,impcheck,crust,1,queued,False,,,,,,,/opt/codeweaver-gpt-sol-comparison/runs-shard3/full/crust__impcheck/rep1,1,True
43,crust__impcheck,impcheck,crust,2,queued,False,,,,,,,/opt/codeweaver-gpt-sol-comparison/runs-shard3/full/crust__impcheck/rep2,1,True
44,crust__inversion_list,inversion_list,crust,0,queued,False,,,,,,,/opt/codeweaver-gpt-sol-comparison/runs-shard3/full/crust__inversion_list/rep0,1,True
44,crust__inversion_list,inversion_list,crust,1,queued,False,,,,,,,/opt/codeweaver-gpt-sol-comparison/runs-shard3/full/crust__inversion_list/rep1,1,True
44,crust__inversion_list,inversion_list,crust,2,queued,False,,,,,,,/opt/codeweaver-gpt-sol-comparison/runs-shard3/full/crust__inversion_list/rep2,1,True
45,crust__jccc,jccc,crust,0,completed,True,0,1,2026-08-05T18:38:51.531616Z,2026-08-05T20:43:02.963852Z,,,/opt/codeweaver-gpt-sol-comparison/runs-shard7/full/crust__jccc/rep0,2,True
45,crust__jccc,jccc,crust,1,completed,True,0,1,2026-08-05T18:38:51.532733Z,2026-08-05T20:41:33.388409Z,,,/opt/codeweaver-gpt-sol-comparison/runs-shard7/full/crust__jccc/rep1,2,True
45,crust__jccc,jccc,crust,2,completed,True,0,1,2026-08-05T18:38:51.532235Z,2026-08-05T20:36:46.569783Z,,,/opt/codeweaver-gpt-sol-comparison/runs-shard7/full/crust__jccc/rep2,2,True
46,crust__kairocompiler,kairocompiler,crust,0,completed,True,0,1,2026-08-05T18:38:51.535226Z,2026-08-05T20:48:43.554341Z,,,/opt/codeweaver-gpt-sol-comparison/runs-shard7/full/crust__kairocompiler/rep0,2,True
46,crust__kairocompiler,kairocompiler,crust,1,completed,True,0,1,2026-08-05T18:38:51.534566Z,2026-08-05T20:26:02.381438Z,,,/opt/codeweaver-gpt-sol-comparison/runs-shard7/full/crust__kairocompiler/rep1,2,True
46,crust__kairocompiler,kairocompiler,crust,2,completed,True,0,1,2026-08-05T18:38:51.536284Z,2026-08-05T20:47:51.601566Z,,,/opt/codeweaver-gpt-sol-comparison/runs-shard7/full/crust__kairocompiler/rep2,2,True
47,crust__kd3,kd3,crust,0,failed,True,1,1,2026-08-05T18:38:51.537282Z,2026-08-05T19:31:28.782725Z,max_repair_terminal,[codeweaver] project=crust__kd3 app_id=full-crust__kd3-rep0 mock=False db=/opt/codeweaver-gpt-sol-comparison/runs-shard7/full/crust__kd3/rep0/pipeline/burr.db,/opt/codeweaver-gpt-sol-comparison/runs-shard7/full/crust__kd3/rep0,2,True
47,crust__kd3,kd3,crust,1,completed,True,0,1,2026-08-05T18:38:51.552498Z,2026-08-05T21:10:05.220077Z,,,/opt/codeweaver-gpt-sol-comparison/runs-shard7/full/crust__kd3/rep1,2,True
47,crust__kd3,kd3,crust,2,failed,True,1,1,2026-08-05T19:31:28.796430Z,2026-08-05T20:11:39.708790Z,max_repair_terminal,[codeweaver] project=crust__kd3 app_id=full-crust__kd3-rep2 mock=False db=/opt/codeweaver-gpt-sol-comparison/runs-shard7/full/crust__kd3/rep2/pipeline/burr.db,/opt/codeweaver-gpt-sol-comparison/runs-shard7/full/crust__kd3/rep2,2,True
48,crust__lambda-calculus-eval,lambda-calculus-eval,crust,0,running,False,,1,2026-08-05T20:11:39.715835Z,,,,/opt/codeweaver-gpt-sol-comparison/runs-shard7/full/crust__lambda-calculus-eval/rep0,2,True
48,crust__lambda-calculus-eval,lambda-calculus-eval,crust,1,running,False,,1,2026-08-05T20:26:02.388687Z,,,,/opt/codeweaver-gpt-sol-comparison/runs-shard7/full/crust__lambda-calculus-eval/rep1,2,True
48,crust__lambda-calculus-eval,lambda-calculus-eval,crust,2,running,False,,1,2026-08-05T20:36:46.574174Z,,,,/opt/codeweaver-gpt-sol-comparison/runs-shard7/full/crust__lambda-calculus-eval/rep2,2,True
49,crust__leftpad,leftpad,crust,0,running,False,,1,2026-08-05T20:41:33.393548Z,,,,/opt/codeweaver-gpt-sol-comparison/runs-shard7/full/crust__leftpad/rep0,2,True
49,crust__leftpad,leftpad,crust,1,running,False,,1,2026-08-05T20:43:02.967622Z,,,,/opt/codeweaver-gpt-sol-comparison/runs-shard7/full/crust__leftpad/rep1,2,True
49,crust__leftpad,leftpad,crust,2,completed,True,0,1,2026-08-05T20:47:51.605203Z,2026-08-05T21:17:00.246952Z,,,/opt/codeweaver-gpt-sol-comparison/runs-shard7/full/crust__leftpad/rep2,2,True
50,crust__lib2bit,lib2bit,crust,0,running,False,,1,2026-08-05T20:48:43.557955Z,,,,/opt/codeweaver-gpt-sol-comparison/runs-shard7/full/crust__lib2bit/rep0,2,True
50,crust__lib2bit,lib2bit,crust,1,running,False,,1,2026-08-05T21:10:05.232215Z,,,,/opt/codeweaver-gpt-sol-comparison/runs-shard7/full/crust__lib2bit/rep1,2,True
50,crust__lib2bit,lib2bit,crust,2,running,False,,1,2026-08-05T21:17:00.250904Z,,,,/opt/codeweaver-gpt-sol-comparison/runs-shard7/full/crust__lib2bit/rep2,2,True
51,crust__libbase122,libbase122,crust,0,queued,False,,,,,,,/opt/codeweaver-gpt-sol-comparison/runs-shard7/full/crust__libbase122/rep0,2,True
51,crust__libbase122,libbase122,crust,1,queued,False,,,,,,,/opt/codeweaver-gpt-sol-comparison/runs-shard7/full/crust__libbase122/rep1,2,True
51,crust__libbase122,libbase122,crust,2,queued,False,,,,,,,/opt/codeweaver-gpt-sol-comparison/runs-shard7/full/crust__libbase122/rep2,2,True
52,crust__libbeaufort,libbeaufort,crust,0,queued,False,,,,,,,/opt/codeweaver-gpt-sol-comparison/runs-shard7/full/crust__libbeaufort/rep0,2,True
52,crust__libbeaufort,libbeaufort,crust,1,queued,False,,,,,,,/opt/codeweaver-gpt-sol-comparison/runs-shard7/full/crust__libbeaufort/rep1,2,True
52,crust__libbeaufort,libbeaufort,crust,2,queued,False,,,,,,,/opt/codeweaver-gpt-sol-comparison/runs-shard7/full/crust__libbeaufort/rep2,2,True
53,crust__libfor,libfor,crust,0,queued,False,,,,,,,/opt/codeweaver-gpt-sol-comparison/runs-shard7/full/crust__libfor/rep0,2,True
53,crust__libfor,libfor,crust,1,queued,False,,,,,,,/opt/codeweaver-gpt-sol-comparison/runs-shard7/full/crust__libfor/rep1,2,True
53,crust__libfor,libfor,crust,2,queued,False,,,,,,,/opt/codeweaver-gpt-sol-comparison/runs-shard7/full/crust__libfor/rep2,2,True
54,crust__libm17,libm17,crust,0,queued,False,,,,,,,/opt/codeweaver-gpt-sol-comparison/runs-shard7/full/crust__libm17/rep0,2,True
54,crust__libm17,libm17,crust,1,queued,False,,,,,,,/opt/codeweaver-gpt-sol-comparison/runs-shard7/full/crust__libm17/rep1,2,True
54,crust__libm17,libm17,crust,2,queued,False,,,,,,,/opt/codeweaver-gpt-sol-comparison/runs-shard7/full/crust__libm17/rep2,2,True
55,crust__libpgn,libpgn,crust,0,queued,False,,,,,,,/opt/codeweaver-gpt-sol-comparison/runs-shard7/full/crust__libpgn/rep0,2,True
55,crust__libpgn,libpgn,crust,1,queued,False,,,,,,,/opt/codeweaver-gpt-sol-comparison/runs-shard7/full/crust__libpgn/rep1,2,True
55,crust__libpgn,libpgn,crust,2,queued,False,,,,,,,/opt/codeweaver-gpt-sol-comparison/runs-shard7/full/crust__libpgn/rep2,2,True
56,crust__libpsbt,libpsbt,crust,0,queued,False,,,,,,,/opt/codeweaver-gpt-sol-comparison/runs-shard7/full/crust__libpsbt/rep0,2,True
56,crust__libpsbt,libpsbt,crust,1,queued,False,,,,,,,/opt/codeweaver-gpt-sol-comparison/runs-shard7/full/crust__libpsbt/rep1,2,True
56,crust__libpsbt,libpsbt,crust,2,queued,False,,,,,,,/opt/codeweaver-gpt-sol-comparison/runs-shard7/full/crust__libpsbt/rep2,2,True
57,crust__libqueue,libqueue,crust,0,queued,False,,,,,,,/opt/codeweaver-gpt-sol-comparison/runs-shard7/full/crust__libqueue/rep0,2,True
57,crust__libqueue,libqueue,crust,1,queued,False,,,,,,,/opt/codeweaver-gpt-sol-comparison/runs-shard7/full/crust__libqueue/rep1,2,True
57,crust__libqueue,libqueue,crust,2,queued,False,,,,,,,/opt/codeweaver-gpt-sol-comparison/runs-shard7/full/crust__libqueue/rep2,2,True
58,crust__libtinyfseq,libtinyfseq,crust,0,queued,False,,,,,,,/opt/codeweaver-gpt-sol-comparison/runs-shard7/full/crust__libtinyfseq/rep0,2,True
58,crust__libtinyfseq,libtinyfseq,crust,1,queued,False,,,,,,,/opt/codeweaver-gpt-sol-comparison/runs-shard7/full/crust__libtinyfseq/rep1,2,True
58,crust__libtinyfseq,libtinyfseq,crust,2,queued,False,,,,,,,/opt/codeweaver-gpt-sol-comparison/runs-shard7/full/crust__libtinyfseq/rep2,2,True
59,crust__libutf,libutf,crust,0,completed,True,0,1,2026-08-05T18:20:39.938914Z,2026-08-05T20:23:31.594110Z,,,/opt/codeweaver-gpt-sol-comparison/runs-shard2/full/crust__libutf/rep0,1,True
59,crust__libutf,libutf,crust,1,completed,True,0,1,2026-08-05T18:20:39.938532Z,2026-08-05T21:12:36.551041Z,,,/opt/codeweaver-gpt-sol-comparison/runs-shard2/full/crust__libutf/rep1,1,True
59,crust__libutf,libutf,crust,2,completed,True,0,1,2026-08-05T18:20:39.941646Z,2026-08-05T20:23:20.751648Z,,,/opt/codeweaver-gpt-sol-comparison/runs-shard2/full/crust__libutf/rep2,1,True
60,crust__libvcd,libvcd,crust,0,failed,True,1,1,2026-08-05T18:20:39.945236Z,2026-08-05T19:30:40.149663Z,max_repair_terminal,[codeweaver] project=crust__libvcd app_id=full-crust__libvcd-rep0 mock=False db=/opt/codeweaver-gpt-sol-comparison/runs-shard2/full/crust__libvcd/rep0/pipeline/burr.db,/opt/codeweaver-gpt-sol-comparison/runs-shard2/full/crust__libvcd/rep0,1,True
60,crust__libvcd,libvcd,crust,1,failed,True,1,1,2026-08-05T18:20:39.949135Z,2026-08-05T19:50:48.345117Z,max_repair_terminal,[codeweaver] project=crust__libvcd app_id=full-crust__libvcd-rep1 mock=False db=/opt/codeweaver-gpt-sol-comparison/runs-shard2/full/crust__libvcd/rep1/pipeline/burr.db,/opt/codeweaver-gpt-sol-comparison/runs-shard2/full/crust__libvcd/rep1,1,True
60,crust__libvcd,libvcd,crust,2,failed,True,1,1,2026-08-05T18:20:39.947279Z,2026-08-05T20:55:43.318722Z,max_repair_terminal,[codeweaver] project=crust__libvcd app_id=full-crust__libvcd-rep2 mock=False db=/opt/codeweaver-gpt-sol-comparison/runs-shard2/full/crust__libvcd/rep2/pipeline/burr.db,/opt/codeweaver-gpt-sol-comparison/runs-shard2/full/crust__libvcd/rep2,1,True
61,crust__libwecan,libwecan,crust,0,failed,True,1,1,2026-08-05T19:30:40.171377Z,2026-08-05T20:10:06.018227Z,max_repair_terminal,[codeweaver] project=crust__libwecan app_id=full-crust__libwecan-rep0 mock=False db=/opt/codeweaver-gpt-sol-comparison/runs-shard2/full/crust__libwecan/rep0/pipeline/burr.db,/opt/codeweaver-gpt-sol-comparison/runs-shard2/full/crust__libwecan/rep0,1,True
61,crust__libwecan,libwecan,crust,1,failed,True,1,1,2026-08-05T19:50:48.355868Z,2026-08-05T20:33:16.772258Z,max_repair_terminal,[codeweaver] project=crust__libwecan app_id=full-crust__libwecan-rep1 mock=False db=/opt/codeweaver-gpt-sol-comparison/runs-shard2/full/crust__libwecan/rep1/pipeline/burr.db,/opt/codeweaver-gpt-sol-comparison/runs-shard2/full/crust__libwecan/rep1,1,True
61,crust__libwecan,libwecan,crust,2,failed,True,1,1,2026-08-05T20:10:06.022229Z,2026-08-05T20:57:43.025995Z,max_repair_terminal,[codeweaver] project=crust__libwecan app_id=full-crust__libwecan-rep2 mock=False db=/opt/codeweaver-gpt-sol-comparison/runs-shard2/full/crust__libwecan/rep2/pipeline/burr.db,/opt/codeweaver-gpt-sol-comparison/runs-shard2/full/crust__libwecan/rep2,1,True
62,crust__linear-algebra-c,linear-algebra-c,crust,0,running,False,,1,2026-08-05T20:23:20.763117Z,,,,/opt/codeweaver-gpt-sol-comparison/runs-shard2/full/crust__linear-algebra-c/rep0,1,True
62,crust__linear-algebra-c,linear-algebra-c,crust,1,running,False,,1,2026-08-05T20:23:31.601341Z,,,,/opt/codeweaver-gpt-sol-comparison/runs-shard2/full/crust__linear-algebra-c/rep1,1,True
62,crust__linear-algebra-c,linear-algebra-c,crust,2,running,False,,1,2026-08-05T20:33:16.777646Z,,,,/opt/codeweaver-gpt-sol-comparison/runs-shard2/full/crust__linear-algebra-c/rep2,1,True
63,crust__ljmm,ljmm,crust,0,running,False,,1,2026-08-05T20:55:43.329925Z,,,,/opt/codeweaver-gpt-sol-comparison/runs-shard2/full/crust__ljmm/rep0,1,True
63,crust__ljmm,ljmm,crust,1,running,False,,1,2026-08-05T20:57:43.032012Z,,,,/opt/codeweaver-gpt-sol-comparison/runs-shard2/full/crust__ljmm/rep1,1,True
63,crust__ljmm,ljmm,crust,2,running,False,,1,2026-08-05T21:12:36.560986Z,,,,/opt/codeweaver-gpt-sol-comparison/runs-shard2/full/crust__ljmm/rep2,1,True
64,crust__ltre,ltre,crust,0,queued,False,,,,,,,/opt/codeweaver-gpt-sol-comparison/runs-shard2/full/crust__ltre/rep0,1,True
64,crust__ltre,ltre,crust,1,queued,False,,,,,,,/opt/codeweaver-gpt-sol-comparison/runs-shard2/full/crust__ltre/rep1,1,True
64,crust__ltre,ltre,crust,2,queued,False,,,,,,,/opt/codeweaver-gpt-sol-comparison/runs-shard2/full/crust__ltre/rep2,1,True
65,crust__math-library-in-c,math-library-in-c,crust,0,queued,False,,,,,,,/opt/codeweaver-gpt-sol-comparison/runs-shard2/full/crust__math-library-in-c/rep0,1,True
65,crust__math-library-in-c,math-library-in-c,crust,1,queued,False,,,,,,,/opt/codeweaver-gpt-sol-comparison/runs-shard2/full/crust__math-library-in-c/rep1,1,True
65,crust__math-library-in-c,math-library-in-c,crust,2,queued,False,,,,,,,/opt/codeweaver-gpt-sol-comparison/runs-shard2/full/crust__math-library-in-c/rep2,1,True
66,crust__matrix_multiplication,matrix_multiplication,crust,0,queued,False,,,,,,,/opt/codeweaver-gpt-sol-comparison/runs-shard2/full/crust__matrix_multiplication/rep0,1,True
66,crust__matrix_multiplication,matrix_multiplication,crust,1,queued,False,,,,,,,/opt/codeweaver-gpt-sol-comparison/runs-shard2/full/crust__matrix_multiplication/rep1,1,True
66,crust__matrix_multiplication,matrix_multiplication,crust,2,queued,False,,,,,,,/opt/codeweaver-gpt-sol-comparison/runs-shard2/full/crust__matrix_multiplication/rep2,1,True
67,crust__mdb,mdb,crust,0,queued,False,,,,,,,/opt/codeweaver-gpt-sol-comparison/runs-shard2/full/crust__mdb/rep0,1,True
67,crust__mdb,mdb,crust,1,queued,False,,,,,,,/opt/codeweaver-gpt-sol-comparison/runs-shard2/full/crust__mdb/rep1,1,True
67,crust__mdb,mdb,crust,2,queued,False,,,,,,,/opt/codeweaver-gpt-sol-comparison/runs-shard2/full/crust__mdb/rep2,1,True
68,crust__megalania,megalania,crust,0,queued,False,,,,,,,/opt/codeweaver-gpt-sol-comparison/runs-shard2/full/crust__megalania/rep0,1,True
68,crust__megalania,megalania,crust,1,queued,False,,,,,,,/opt/codeweaver-gpt-sol-comparison/runs-shard2/full/crust__megalania/rep1,1,True
68,crust__megalania,megalania,crust,2,queued,False,,,,,,,/opt/codeweaver-gpt-sol-comparison/runs-shard2/full/crust__megalania/rep2,1,True
69,crust__merkle-tree-c,merkle-tree-c,crust,0,queued,False,,,,,,,/opt/codeweaver-gpt-sol-comparison/runs-shard2/full/crust__merkle-tree-c/rep0,1,True
69,crust__merkle-tree-c,merkle-tree-c,crust,1,queued,False,,,,,,,/opt/codeweaver-gpt-sol-comparison/runs-shard2/full/crust__merkle-tree-c/rep1,1,True
69,crust__merkle-tree-c,merkle-tree-c,crust,2,queued,False,,,,,,,/opt/codeweaver-gpt-sol-comparison/runs-shard2/full/crust__merkle-tree-c/rep2,1,True
70,crust__morton,morton,crust,0,queued,False,,,,,,,/opt/codeweaver-gpt-sol-comparison/runs-shard2/full/crust__morton/rep0,1,True
70,crust__morton,morton,crust,1,queued,False,,,,,,,/opt/codeweaver-gpt-sol-comparison/runs-shard2/full/crust__morton/rep1,1,True
70,crust__morton,morton,crust,2,queued,False,,,,,,,/opt/codeweaver-gpt-sol-comparison/runs-shard2/full/crust__morton/rep2,1,True
71,crust__murmurhash_c,murmurhash_c,crust,0,queued,False,,,,,,,/opt/codeweaver-gpt-sol-comparison/runs-shard2/full/crust__murmurhash_c/rep0,1,True
71,crust__murmurhash_c,murmurhash_c,crust,1,queued,False,,,,,,,/opt/codeweaver-gpt-sol-comparison/runs-shard2/full/crust__murmurhash_c/rep1,1,True
71,crust__murmurhash_c,murmurhash_c,crust,2,queued,False,,,,,,,/opt/codeweaver-gpt-sol-comparison/runs-shard2/full/crust__murmurhash_c/rep2,1,True
72,crust__mvptree,mvptree,crust,0,queued,False,,,,,,,/opt/codeweaver-gpt-sol-comparison/runs-shard2/full/crust__mvptree/rep0,1,True
72,crust__mvptree,mvptree,crust,1,queued,False,,,,,,,/opt/codeweaver-gpt-sol-comparison/runs-shard2/full/crust__mvptree/rep1,1,True
72,crust__mvptree,mvptree,crust,2,queued,False,,,,,,,/opt/codeweaver-gpt-sol-comparison/runs-shard2/full/crust__mvptree/rep2,1,True
73,crust__nandc,nandc,crust,0,completed,True,0,1,2026-08-05T18:43:32.075834Z,2026-08-05T19:45:44.345781Z,,,/opt/codeweaver-gpt-sol-comparison/runs-shard8/full/crust__nandc/rep0,2,True
73,crust__nandc,nandc,crust,1,completed,True,0,1,2026-08-05T18:43:32.076407Z,2026-08-05T19:35:41.304787Z,,,/opt/codeweaver-gpt-sol-comparison/runs-shard8/full/crust__nandc/rep1,2,True
73,crust__nandc,nandc,crust,2,completed,True,0,1,2026-08-05T18:43:32.078020Z,2026-08-05T19:29:28.398792Z,,,/opt/codeweaver-gpt-sol-comparison/runs-shard8/full/crust__nandc/rep2,2,True
74,crust__phills_dht,phills_dht,crust,0,completed,True,0,1,2026-08-05T18:43:32.080487Z,2026-08-05T19:39:00.358838Z,,,/opt/codeweaver-gpt-sol-comparison/runs-shard8/full/crust__phills_dht/rep0,2,True
74,crust__phills_dht,phills_dht,crust,1,completed,True,0,1,2026-08-05T18:43:32.080896Z,2026-08-05T19:51:01.906781Z,,,/opt/codeweaver-gpt-sol-comparison/runs-shard8/full/crust__phills_dht/rep1,2,True
74,crust__phills_dht,phills_dht,crust,2,completed,True,0,1,2026-08-05T18:43:32.082890Z,2026-08-05T19:43:07.615341Z,,,/opt/codeweaver-gpt-sol-comparison/runs-shard8/full/crust__phills_dht/rep2,2,True
75,crust__quadtree,quadtree,crust,0,completed,True,0,1,2026-08-05T18:43:32.087151Z,2026-08-05T21:10:41.566953Z,,,/opt/codeweaver-gpt-sol-comparison/runs-shard8/full/crust__quadtree/rep0,2,True
75,crust__quadtree,quadtree,crust,1,running,False,,1,2026-08-05T18:43:32.086947Z,,,,/opt/codeweaver-gpt-sol-comparison/runs-shard8/full/crust__quadtree/rep1,2,True
75,crust__quadtree,quadtree,crust,2,failed,True,1,1,2026-08-05T19:29:28.415455Z,2026-08-05T21:10:30.287532Z,max_repair_terminal,project=crust__quadtree app_id=full-crust__quadtree-rep2 mock=False db=/opt/codeweaver-gpt-sol-comparison/runs-shard8/full/crust__quadtree/rep2/pipeline/burr.db,/opt/codeweaver-gpt-sol-comparison/runs-shard8/full/crust__quadtree/rep2,2,True
76,crust__razz_simulation,razz_simulation,crust,0,failed,True,1,1,2026-08-05T19:35:41.310940Z,2026-08-05T20:23:55.419264Z,max_repair_terminal,[codeweaver] project=crust__razz_simulation app_id=full-crust__razz_simulation-rep0 mock=False db=/opt/codeweaver-gpt-sol-comparison/runs-shard8/full/crust__razz_simulation/rep0/pipeline/burr.db,/opt/codeweaver-gpt-sol-comparison/runs-shard8/full/crust__razz_simulation/rep0,2,True
76,crust__razz_simulation,razz_simulation,crust,1,failed,True,1,1,2026-08-05T19:39:00.363210Z,2026-08-05T20:27:51.591934Z,max_repair_terminal,[codeweaver] project=crust__razz_simulation app_id=full-crust__razz_simulation-rep1 mock=False db=/opt/codeweaver-gpt-sol-comparison/runs-shard8/full/crust__razz_simulation/rep1/pipeline/burr.db,/opt/codeweaver-gpt-sol-comparison/runs-shard8/full/crust__razz_simulation/rep1,2,True
76,crust__razz_simulation,razz_simulation,crust,2,failed,True,1,1,2026-08-05T19:43:07.623590Z,2026-08-05T20:32:14.079431Z,max_repair_terminal,[codeweaver] project=crust__razz_simulation app_id=full-crust__razz_simulation-rep2 mock=False db=/opt/codeweaver-gpt-sol-comparison/runs-shard8/full/crust__razz_simulation/rep2/pipeline/burr.db,/opt/codeweaver-gpt-sol-comparison/runs-shard8/full/crust__razz_simulation/rep2,2,True
77,crust__rbtree-lab,rbtree-lab,crust,0,completed,True,0,1,2026-08-05T19:45:44.349093Z,2026-08-05T21:01:25.338005Z,,,/opt/codeweaver-gpt-sol-comparison/runs-shard8/full/crust__rbtree-lab/rep0,2,True
77,crust__rbtree-lab,rbtree-lab,crust,1,completed,True,0,1,2026-08-05T19:51:01.910843Z,2026-08-05T21:07:12.979777Z,,,/opt/codeweaver-gpt-sol-comparison/runs-shard8/full/crust__rbtree-lab/rep1,2,True
77,crust__rbtree-lab,rbtree-lab,crust,2,running,False,,1,2026-08-05T20:23:55.423220Z,,,,/opt/codeweaver-gpt-sol-comparison/runs-shard8/full/crust__rbtree-lab/rep2,2,True
78,crust__recordmanager,recordmanager,crust,0,running,False,,1,2026-08-05T20:27:51.595613Z,,,,/opt/codeweaver-gpt-sol-comparison/runs-shard8/full/crust__recordmanager/rep0,2,True
78,crust__recordmanager,recordmanager,crust,1,running,False,,1,2026-08-05T20:32:14.083484Z,,,,/opt/codeweaver-gpt-sol-comparison/runs-shard8/full/crust__recordmanager/rep1,2,True
78,crust__recordmanager,recordmanager,crust,2,running,False,,1,2026-08-05T21:01:25.342484Z,,,,/opt/codeweaver-gpt-sol-comparison/runs-shard8/full/crust__recordmanager/rep2,2,True
79,crust__rect_pack_h,rect_pack_h,crust,0,running,False,,1,2026-08-05T21:07:12.983822Z,,,,/opt/codeweaver-gpt-sol-comparison/runs-shard8/full/crust__rect_pack_h/rep0,2,True
79,crust__rect_pack_h,rect_pack_h,crust,1,running,False,,1,2026-08-05T21:10:30.291331Z,,,,/opt/codeweaver-gpt-sol-comparison/runs-shard8/full/crust__rect_pack_h/rep1,2,True
79,crust__rect_pack_h,rect_pack_h,crust,2,running,False,,1,2026-08-05T21:10:41.570707Z,,,,/opt/codeweaver-gpt-sol-comparison/runs-shard8/full/crust__rect_pack_h/rep2,2,True
80,crust__remimu,remimu,crust,0,queued,False,,,,,,,/opt/codeweaver-gpt-sol-comparison/runs-shard8/full/crust__remimu/rep0,2,True
80,crust__remimu,remimu,crust,1,queued,False,,,,,,,/opt/codeweaver-gpt-sol-comparison/runs-shard8/full/crust__remimu/rep1,2,True
80,crust__remimu,remimu,crust,2,queued,False,,,,,,,/opt/codeweaver-gpt-sol-comparison/runs-shard8/full/crust__remimu/rep2,2,True
81,crust__rhbloom,rhbloom,crust,0,queued,False,,,,,,,/opt/codeweaver-gpt-sol-comparison/runs-shard8/full/crust__rhbloom/rep0,2,True
81,crust__rhbloom,rhbloom,crust,1,queued,False,,,,,,,/opt/codeweaver-gpt-sol-comparison/runs-shard8/full/crust__rhbloom/rep1,2,True
81,crust__rhbloom,rhbloom,crust,2,queued,False,,,,,,,/opt/codeweaver-gpt-sol-comparison/runs-shard8/full/crust__rhbloom/rep2,2,True
82,crust__roaring-bitmap,roaring-bitmap,crust,0,queued,False,,,,,,,/opt/codeweaver-gpt-sol-comparison/runs-shard8/full/crust__roaring-bitmap/rep0,2,True
82,crust__roaring-bitmap,roaring-bitmap,crust,1,queued,False,,,,,,,/opt/codeweaver-gpt-sol-comparison/runs-shard8/full/crust__roaring-bitmap/rep1,2,True
82,crust__roaring-bitmap,roaring-bitmap,crust,2,queued,False,,,,,,,/opt/codeweaver-gpt-sol-comparison/runs-shard8/full/crust__roaring-bitmap/rep2,2,True
83,crust__rubiksolver,rubiksolver,crust,0,queued,False,,,,,,,/opt/codeweaver-gpt-sol-comparison/runs-shard8/full/crust__rubiksolver/rep0,2,True
83,crust__rubiksolver,rubiksolver,crust,1,queued,False,,,,,,,/opt/codeweaver-gpt-sol-comparison/runs-shard8/full/crust__rubiksolver/rep1,2,True
83,crust__rubiksolver,rubiksolver,crust,2,queued,False,,,,,,,/opt/codeweaver-gpt-sol-comparison/runs-shard8/full/crust__rubiksolver/rep2,2,True
84,crust__satc,satc,crust,0,queued,False,,,,,,,/opt/codeweaver-gpt-sol-comparison/runs-shard8/full/crust__satc/rep0,2,True
84,crust__satc,satc,crust,1,queued,False,,,,,,,/opt/codeweaver-gpt-sol-comparison/runs-shard8/full/crust__satc/rep1,2,True
84,crust__satc,satc,crust,2,queued,False,,,,,,,/opt/codeweaver-gpt-sol-comparison/runs-shard8/full/crust__satc/rep2,2,True
85,crust__simple-config,simple-config,crust,0,queued,False,,,,,,,/opt/codeweaver-gpt-sol-comparison/runs-shard8/full/crust__simple-config/rep0,2,True
85,crust__simple-config,simple-config,crust,1,queued,False,,,,,,,/opt/codeweaver-gpt-sol-comparison/runs-shard8/full/crust__simple-config/rep1,2,True
85,crust__simple-config,simple-config,crust,2,queued,False,,,,,,,/opt/codeweaver-gpt-sol-comparison/runs-shard8/full/crust__simple-config/rep2,2,True
86,crust__simple-sparsehash,simple-sparsehash,crust,0,queued,False,,,,,,,/opt/codeweaver-gpt-sol-comparison/runs-shard8/full/crust__simple-sparsehash/rep0,2,True
86,crust__simple-sparsehash,simple-sparsehash,crust,1,queued,False,,,,,,,/opt/codeweaver-gpt-sol-comparison/runs-shard8/full/crust__simple-sparsehash/rep1,2,True
86,crust__simple-sparsehash,simple-sparsehash,crust,2,queued,False,,,,,,,/opt/codeweaver-gpt-sol-comparison/runs-shard8/full/crust__simple-sparsehash/rep2,2,True
87,crust__simple_lang,simple_lang,crust,0,completed,True,0,1,2026-08-05T18:35:56.395438Z,2026-08-05T19:52:22.880244Z,,,/opt/codeweaver-gpt-sol-comparison/runs-shard6/full/crust__simple_lang/rep0,2,True
87,crust__simple_lang,simple_lang,crust,1,completed,True,0,1,2026-08-05T18:35:56.399155Z,2026-08-05T21:14:38.302713Z,,,/opt/codeweaver-gpt-sol-comparison/runs-shard6/full/crust__simple_lang/rep1,2,True
87,crust__simple_lang,simple_lang,crust,2,completed,True,0,1,2026-08-05T18:35:56.395643Z,2026-08-05T20:15:50.638692Z,,,/opt/codeweaver-gpt-sol-comparison/runs-shard6/full/crust__simple_lang/rep2,2,True
88,crust__simplexml,simplexml,crust,0,completed,True,0,1,2026-08-05T18:35:56.398731Z,2026-08-05T19:32:35.263184Z,,,/opt/codeweaver-gpt-sol-comparison/runs-shard6/full/crust__simplexml/rep0,2,True
88,crust__simplexml,simplexml,crust,1,completed,True,0,1,2026-08-05T18:35:56.397832Z,2026-08-05T19:34:12.659288Z,,,/opt/codeweaver-gpt-sol-comparison/runs-shard6/full/crust__simplexml/rep1,2,True
88,crust__simplexml,simplexml,crust,2,completed,True,0,1,2026-08-05T18:35:56.401119Z,2026-08-05T19:41:52.043166Z,,,/opt/codeweaver-gpt-sol-comparison/runs-shard6/full/crust__simplexml/rep2,2,True
89,crust__skp,skp,crust,0,running,False,,1,2026-08-05T18:35:56.418195Z,,,,/opt/codeweaver-gpt-sol-comparison/runs-shard6/full/crust__skp/rep0,2,True
89,crust__skp,skp,crust,1,running,False,,1,2026-08-05T18:35:56.404336Z,,,,/opt/codeweaver-gpt-sol-comparison/runs-shard6/full/crust__skp/rep1,2,True
89,crust__skp,skp,crust,2,running,False,,1,2026-08-05T18:35:56.436218Z,,,,/opt/codeweaver-gpt-sol-comparison/runs-shard6/full/crust__skp/rep2,2,True
90,crust__slothlang,slothlang,crust,0,running,False,,1,2026-08-05T18:35:56.451696Z,,,,/opt/codeweaver-gpt-sol-comparison/runs-shard6/full/crust__slothlang/rep0,2,True
90,crust__slothlang,slothlang,crust,1,completed,True,0,1,2026-08-05T19:32:35.268731Z,2026-08-05T21:09:19.822787Z,,,/opt/codeweaver-gpt-sol-comparison/runs-shard6/full/crust__slothlang/rep1,2,True
90,crust__slothlang,slothlang,crust,2,failed,True,1,1,2026-08-05T19:34:12.663640Z,2026-08-05T20:39:48.455265Z,max_repair_terminal,[codeweaver] project=crust__slothlang app_id=full-crust__slothlang-rep2 mock=False db=/opt/codeweaver-gpt-sol-comparison/runs-shard6/full/crust__slothlang/rep2/pipeline/burr.db,/opt/codeweaver-gpt-sol-comparison/runs-shard6/full/crust__slothlang/rep2,2,True
91,crust__ted,ted,crust,0,failed,True,1,1,2026-08-05T19:41:52.047590Z,2026-08-05T20:27:50.512408Z,max_repair_terminal,[codeweaver] project=crust__ted app_id=full-crust__ted-rep0 mock=False db=/opt/codeweaver-gpt-sol-comparison/runs-shard6/full/crust__ted/rep0/pipeline/burr.db,/opt/codeweaver-gpt-sol-comparison/runs-shard6/full/crust__ted/rep0,2,True
91,crust__ted,ted,crust,1,running,False,,1,2026-08-05T19:52:22.883406Z,,,,/opt/codeweaver-gpt-sol-comparison/runs-shard6/full/crust__ted/rep1,2,True
91,crust__ted,ted,crust,2,running,False,,1,2026-08-05T20:15:50.644043Z,,,,/opt/codeweaver-gpt-sol-comparison/runs-shard6/full/crust__ted/rep2,2,True
92,crust__tisp,tisp,crust,0,running,False,,1,2026-08-05T20:27:50.515363Z,,,,/opt/codeweaver-gpt-sol-comparison/runs-shard6/full/crust__tisp/rep0,2,True
92,crust__tisp,tisp,crust,1,running,False,,1,2026-08-05T20:39:48.459531Z,,,,/opt/codeweaver-gpt-sol-comparison/runs-shard6/full/crust__tisp/rep1,2,True
92,crust__tisp,tisp,crust,2,running,False,,1,2026-08-05T21:09:19.828937Z,,,,/opt/codeweaver-gpt-sol-comparison/runs-shard6/full/crust__tisp/rep2,2,True
93,crust__totp,totp,crust,0,running,False,,1,2026-08-05T21:14:38.309613Z,,,,/opt/codeweaver-gpt-sol-comparison/runs-shard6/full/crust__totp/rep0,2,True
93,crust__totp,totp,crust,1,queued,False,,,,,,,/opt/codeweaver-gpt-sol-comparison/runs-shard6/full/crust__totp/rep1,2,True
93,crust__totp,totp,crust,2,queued,False,,,,,,,/opt/codeweaver-gpt-sol-comparison/runs-shard6/full/crust__totp/rep2,2,True
94,crust__ulidgen,ulidgen,crust,0,queued,False,,,,,,,/opt/codeweaver-gpt-sol-comparison/runs-shard6/full/crust__ulidgen/rep0,2,True
94,crust__ulidgen,ulidgen,crust,1,queued,False,,,,,,,/opt/codeweaver-gpt-sol-comparison/runs-shard6/full/crust__ulidgen/rep1,2,True
94,crust__ulidgen,ulidgen,crust,2,queued,False,,,,,,,/opt/codeweaver-gpt-sol-comparison/runs-shard6/full/crust__ulidgen/rep2,2,True
95,crust__utf8,utf8,crust,0,queued,False,,,,,,,/opt/codeweaver-gpt-sol-comparison/runs-shard6/full/crust__utf8/rep0,2,True
95,crust__utf8,utf8,crust,1,queued,False,,,,,,,/opt/codeweaver-gpt-sol-comparison/runs-shard6/full/crust__utf8/rep1,2,True
95,crust__utf8,utf8,crust,2,queued,False,,,,,,,/opt/codeweaver-gpt-sol-comparison/runs-shard6/full/crust__utf8/rep2,2,True
96,crust__vaultsync,vaultsync,crust,0,queued,False,,,,,,,/opt/codeweaver-gpt-sol-comparison/runs-shard6/full/crust__vaultsync/rep0,2,True
96,crust__vaultsync,vaultsync,crust,1,queued,False,,,,,,,/opt/codeweaver-gpt-sol-comparison/runs-shard6/full/crust__vaultsync/rep1,2,True
96,crust__vaultsync,vaultsync,crust,2,queued,False,,,,,,,/opt/codeweaver-gpt-sol-comparison/runs-shard6/full/crust__vaultsync/rep2,2,True
97,crust__vec,vec,crust,0,queued,False,,,,,,,/opt/codeweaver-gpt-sol-comparison/runs-shard6/full/crust__vec/rep0,2,True
97,crust__vec,vec,crust,1,queued,False,,,,,,,/opt/codeweaver-gpt-sol-comparison/runs-shard6/full/crust__vec/rep1,2,True
97,crust__vec,vec,crust,2,queued,False,,,,,,,/opt/codeweaver-gpt-sol-comparison/runs-shard6/full/crust__vec/rep2,2,True
98,crust__worsp,worsp,crust,0,queued,False,,,,,,,/opt/codeweaver-gpt-sol-comparison/runs-shard6/full/crust__worsp/rep0,2,True
98,crust__worsp,worsp,crust,1,queued,False,,,,,,,/opt/codeweaver-gpt-sol-comparison/runs-shard6/full/crust__worsp/rep1,2,True
98,crust__worsp,worsp,crust,2,queued,False,,,,,,,/opt/codeweaver-gpt-sol-comparison/runs-shard6/full/crust__worsp/rep2,2,True
99,crust__xopt,xopt,crust,0,queued,False,,,,,,,/opt/codeweaver-gpt-sol-comparison/runs-shard6/full/crust__xopt/rep0,2,True
99,crust__xopt,xopt,crust,1,queued,False,,,,,,,/opt/codeweaver-gpt-sol-comparison/runs-shard6/full/crust__xopt/rep1,2,True
99,crust__xopt,xopt,crust,2,queued,False,,,,,,,/opt/codeweaver-gpt-sol-comparison/runs-shard6/full/crust__xopt/rep2,2,True
100,oxidizer__checkdigit,checkdigit,oxidizer,0,queued,False,,,,,,,/opt/codeweaver-gpt-sol-comparison/runs-shard6/full/oxidizer__checkdigit/rep0,2,True
100,oxidizer__checkdigit,checkdigit,oxidizer,1,queued,False,,,,,,,/opt/codeweaver-gpt-sol-comparison/runs-shard6/full/oxidizer__checkdigit/rep1,2,True
100,oxidizer__checkdigit,checkdigit,oxidizer,2,queued,False,,,,,,,/opt/codeweaver-gpt-sol-comparison/runs-shard6/full/oxidizer__checkdigit/rep2,2,True
101,oxidizer__go-edlib,go-edlib,oxidizer,0,queued,False,,,,,,,/opt/codeweaver-gpt-sol-comparison/runs-shard6/full/oxidizer__go-edlib/rep0,2,True
101,oxidizer__go-edlib,go-edlib,oxidizer,1,queued,False,,,,,,,/opt/codeweaver-gpt-sol-comparison/runs-shard6/full/oxidizer__go-edlib/rep1,2,True
101,oxidizer__go-edlib,go-edlib,oxidizer,2,queued,False,,,,,,,/opt/codeweaver-gpt-sol-comparison/runs-shard6/full/oxidizer__go-edlib/rep2,2,True
102,oxidizer__gohistogram,gohistogram,oxidizer,0,completed,True,0,1,2026-08-05T17:19:29.646867Z,2026-08-05T18:19:00.563307Z,,,/opt/codeweaver-gpt-sol-comparison/runs/full/oxidizer__gohistogram/rep0,0,True
102,oxidizer__gohistogram,gohistogram,oxidizer,1,queued,False,,,,,,,/opt/codeweaver-gpt-sol-comparison/runs/full/oxidizer__gohistogram/rep1,0,False
102,oxidizer__gohistogram,gohistogram,oxidizer,2,queued,False,,,,,,,/opt/codeweaver-gpt-sol-comparison/runs/full/oxidizer__gohistogram/rep2,0,False
103,oxidizer__gonameparts,gonameparts,oxidizer,0,queued,False,,,,,,,/opt/codeweaver-gpt-sol-comparison/runs-shard6/full/oxidizer__gonameparts/rep0,2,True
103,oxidizer__gonameparts,gonameparts,oxidizer,1,queued,False,,,,,,,/opt/codeweaver-gpt-sol-comparison/runs-shard6/full/oxidizer__gonameparts/rep1,2,True
103,oxidizer__gonameparts,gonameparts,oxidizer,2,queued,False,,,,,,,/opt/codeweaver-gpt-sol-comparison/runs-shard6/full/oxidizer__gonameparts/rep2,2,True
104,oxidizer__stats,stats,oxidizer,0,queued,False,,,,,,,/opt/codeweaver-gpt-sol-comparison/runs-shard6/full/oxidizer__stats/rep0,2,True
104,oxidizer__stats,stats,oxidizer,1,queued,False,,,,,,,/opt/codeweaver-gpt-sol-comparison/runs-shard6/full/oxidizer__stats/rep1,2,True
104,oxidizer__stats,stats,oxidizer,2,queued,False,,,,,,,/opt/codeweaver-gpt-sol-comparison/runs-shard6/full/oxidizer__stats/rep2,2,True
105,oxidizer__textrank,textrank,oxidizer,0,queued,False,,,,,,,/opt/codeweaver-gpt-sol-comparison/runs-shard6/full/oxidizer__textrank/rep0,2,True
105,oxidizer__textrank,textrank,oxidizer,1,queued,False,,,,,,,/opt/codeweaver-gpt-sol-comparison/runs-shard6/full/oxidizer__textrank/rep1,2,True
105,oxidizer__textrank,textrank,oxidizer,2,queued,False,,,,,,,/opt/codeweaver-gpt-sol-comparison/runs-shard6/full/oxidizer__textrank/rep2,2,True
106,alphatrans__commons-cli,commons-cli,alphatrans,0,queued,False,,,,,,,/opt/codeweaver-gpt-sol-comparison/runs-shard6/full/alphatrans__commons-cli/rep0,2,True
106,alphatrans__commons-cli,commons-cli,alphatrans,1,queued,False,,,,,,,/opt/codeweaver-gpt-sol-comparison/runs-shard6/full/alphatrans__commons-cli/rep1,2,True
106,alphatrans__commons-cli,commons-cli,alphatrans,2,queued,False,,,,,,,/opt/codeweaver-gpt-sol-comparison/runs-shard6/full/alphatrans__commons-cli/rep2,2,True
107,alphatrans__commons-csv,commons-csv,alphatrans,0,queued,False,,,,,,,/opt/codeweaver-gpt-sol-comparison/runs-shard6/full/alphatrans__commons-csv/rep0,2,True
107,alphatrans__commons-csv,commons-csv,alphatrans,1,queued,False,,,,,,,/opt/codeweaver-gpt-sol-comparison/runs-shard6/full/alphatrans__commons-csv/rep1,2,True
107,alphatrans__commons-csv,commons-csv,alphatrans,2,queued,False,,,,,,,/opt/codeweaver-gpt-sol-comparison/runs-shard6/full/alphatrans__commons-csv/rep2,2,True
108,alphatrans__commons-fileupload,commons-fileupload,alphatrans,0,running,False,,1,2026-08-05T17:19:29.646553Z,,,,/opt/codeweaver-gpt-sol-comparison/runs/full/alphatrans__commons-fileupload/rep0,0,True
108,alphatrans__commons-fileupload,commons-fileupload,alphatrans,1,queued,False,,,,,,,/opt/codeweaver-gpt-sol-comparison/runs/full/alphatrans__commons-fileupload/rep1,0,False
108,alphatrans__commons-fileupload,commons-fileupload,alphatrans,2,queued,False,,,,,,,/opt/codeweaver-gpt-sol-comparison/runs/full/alphatrans__commons-fileupload/rep2,0,False
109,alphatrans__commons-validator,commons-validator,alphatrans,0,queued,False,,,,,,,/opt/codeweaver-gpt-sol-comparison/runs-shard6/full/alphatrans__commons-validator/rep0,2,True
109,alphatrans__commons-validator,commons-validator,alphatrans,1,queued,False,,,,,,,/opt/codeweaver-gpt-sol-comparison/runs-shard6/full/alphatrans__commons-validator/rep1,2,True
109,alphatrans__commons-validator,commons-validator,alphatrans,2,queued,False,,,,,,,/opt/codeweaver-gpt-sol-comparison/runs-shard6/full/alphatrans__commons-validator/rep2,2,True
110,skel__bst,bst,skel,0,completed,True,0,1,2026-08-05T17:19:29.648089Z,2026-08-05T18:06:37.931932Z,,,/opt/codeweaver-gpt-sol-comparison/runs/full/skel__bst/rep0,0,True
110,skel__bst,bst,skel,1,queued,False,,,,,,,/opt/codeweaver-gpt-sol-comparison/runs/full/skel__bst/rep1,0,False
110,skel__bst,bst,skel,2,queued,False,,,,,,,/opt/codeweaver-gpt-sol-comparison/runs/full/skel__bst/rep2,0,False
111,skel__colorsys,colorsys,skel,0,queued,False,,,,,,,/opt/codeweaver-gpt-sol-comparison/runs-shard6/full/skel__colorsys/rep0,2,True
111,skel__colorsys,colorsys,skel,1,queued,False,,,,,,,/opt/codeweaver-gpt-sol-comparison/runs-shard6/full/skel__colorsys/rep1,2,True
111,skel__colorsys,colorsys,skel,2,queued,False,,,,,,,/opt/codeweaver-gpt-sol-comparison/runs-shard6/full/skel__colorsys/rep2,2,True
112,skel__heapq,heapq,skel,0,queued,False,,,,,,,/opt/codeweaver-gpt-sol-comparison/runs-shard6/full/skel__heapq/rep0,2,True
112,skel__heapq,heapq,skel,1,queued,False,,,,,,,/opt/codeweaver-gpt-sol-comparison/runs-shard6/full/skel__heapq/rep1,2,True
112,skel__heapq,heapq,skel,2,queued,False,,,,,,,/opt/codeweaver-gpt-sol-comparison/runs-shard6/full/skel__heapq/rep2,2,True
113,skel__html,html,skel,0,queued,False,,,,,,,/opt/codeweaver-gpt-sol-comparison/runs-shard6/full/skel__html/rep0,2,True
113,skel__html,html,skel,1,queued,False,,,,,,,/opt/codeweaver-gpt-sol-comparison/runs-shard6/full/skel__html/rep1,2,True
113,skel__html,html,skel,2,queued,False,,,,,,,/opt/codeweaver-gpt-sol-comparison/runs-shard6/full/skel__html/rep2,2,True
114,skel__mathgen,mathgen,skel,0,queued,False,,,,,,,/opt/codeweaver-gpt-sol-comparison/runs-shard6/full/skel__mathgen/rep0,2,True
114,skel__mathgen,mathgen,skel,1,queued,False,,,,,,,/opt/codeweaver-gpt-sol-comparison/runs-shard6/full/skel__mathgen/rep1,2,True
114,skel__mathgen,mathgen,skel,2,queued,False,,,,,,,/opt/codeweaver-gpt-sol-comparison/runs-shard6/full/skel__mathgen/rep2,2,True
115,skel__rbt,rbt,skel,0,queued,False,,,,,,,/opt/codeweaver-gpt-sol-comparison/runs-shard6/full/skel__rbt/rep0,2,True
115,skel__rbt,rbt,skel,1,queued,False,,,,,,,/opt/codeweaver-gpt-sol-comparison/runs-shard6/full/skel__rbt/rep1,2,True
115,skel__rbt,rbt,skel,2,queued,False,,,,,,,/opt/codeweaver-gpt-sol-comparison/runs-shard6/full/skel__rbt/rep2,2,True
116,skel__strsim,strsim,skel,0,queued,False,,,,,,,/opt/codeweaver-gpt-sol-comparison/runs-shard6/full/skel__strsim/rep0,2,True
116,skel__strsim,strsim,skel,1,queued,False,,,,,,,/opt/codeweaver-gpt-sol-comparison/runs-shard6/full/skel__strsim/rep1,2,True
116,skel__strsim,strsim,skel,2,queued,False,,,,,,,/opt/codeweaver-gpt-sol-comparison/runs-shard6/full/skel__strsim/rep2,2,True
117,skel__toml,toml,skel,0,queued,False,,,,,,,/opt/codeweaver-gpt-sol-comparison/runs-shard6/full/skel__toml/rep0,2,True
117,skel__toml,toml,skel,1,queued,False,,,,,,,/opt/codeweaver-gpt-sol-comparison/runs-shard6/full/skel__toml/rep1,2,True
117,skel__toml,toml,skel,2,queued,False,,,,,,,/opt/codeweaver-gpt-sol-comparison/runs-shard6/full/skel__toml/rep2,2,True
