subject,relative_path,bytes,sha256,artifact_tree_sha256
csplit,csplit/Makefile,465,d98bd606e684e31d354cdccb44dc704a624ce46a7d3f8336ed4b419f9b4c77af,aaef144f371b9d302086af6c8bccd38a65ea73e3d971301840569c7e4f4f3dc7
csplit,csplit/csplit.c,10566,12bfd565fe5224fa690f6949dc53f0d954c2e8e3f7799f0d36860e870a6c1cb5,aaef144f371b9d302086af6c8bccd38a65ea73e3d971301840569c7e4f4f3dc7
csplit,csplit/norm_rules.jsonl,194,fe7433a43fb7b0232e47c75c554f9d1fa44de0c34dd6ebf39fb03f7665dd6e18,aaef144f371b9d302086af6c8bccd38a65ea73e3d971301840569c7e4f4f3dc7
csplit,csplit/testcmp.sh,24744,563c0a860f4dac5961f6472a04b31cc296e0369cfb39fb31b6510dedaa4069f8,aaef144f371b9d302086af6c8bccd38a65ea73e3d971301840569c7e4f4f3dc7
csplit,csplit/tests00.jsonl,5031,7bda145691c00416d75540cc37bc36219b03102a950ed50ac95a1562da287e9c,aaef144f371b9d302086af6c8bccd38a65ea73e3d971301840569c7e4f4f3dc7
csplit,csplit/tests01.jsonl,4826,19fbd1dcafce29bc18340b95ef0f56ae7ea68cafe8601fe54c3cd029fced685b,aaef144f371b9d302086af6c8bccd38a65ea73e3d971301840569c7e4f4f3dc7
csplit,csplit/tests02.jsonl,5868,14fced5b8e885dfb8fed13812ebe312e810f5807658e888e75466dc95a8faffc,aaef144f371b9d302086af6c8bccd38a65ea73e3d971301840569c7e4f4f3dc7
csplit,csplit/tests03.jsonl,5999,413ab1a6fe4a8a7e590529c9832555cdc613a28ea7530093d31b7330f81ef9c4,aaef144f371b9d302086af6c8bccd38a65ea73e3d971301840569c7e4f4f3dc7
csplit,csplit/tests04.jsonl,4321,b985dbc69d4ddac8a0763637a11fcd10d9cdaedc7e7b0491679353fc964d4f76,aaef144f371b9d302086af6c8bccd38a65ea73e3d971301840569c7e4f4f3dc7
expr,expr/Makefile,438,99877217536c2acfa05927f80ba8df7fd8aff45b954cd78aab76f91613e897a2,1a904742d3255948dec9490d5568c9112dce0e1caa20099e5a67f091541aa9b6
expr,expr/expr.c,10367,49aab744dbbb8baaa17b2e5a4e0849d0823c06d7795d0bd247b67ff679074098,1a904742d3255948dec9490d5568c9112dce0e1caa20099e5a67f091541aa9b6
expr,expr/norm_rules.jsonl,194,fe7433a43fb7b0232e47c75c554f9d1fa44de0c34dd6ebf39fb03f7665dd6e18,1a904742d3255948dec9490d5568c9112dce0e1caa20099e5a67f091541aa9b6
expr,expr/testcmp.sh,19448,fa69b1fa9e21fcd62675d64ceff35521a7f1dab6398c7d08beb1c069d1b56a48,1a904742d3255948dec9490d5568c9112dce0e1caa20099e5a67f091541aa9b6
expr,expr/tests00.jsonl,3716,c15bc112113634f565ebd8ba75c8b1a249e27c76986d6144dab0358631e043e3,1a904742d3255948dec9490d5568c9112dce0e1caa20099e5a67f091541aa9b6
expr,expr/tests01.jsonl,3695,82ec557d18978272580ba3dfb03b4018179eb516e1769e91dad29dbc32ff771d,1a904742d3255948dec9490d5568c9112dce0e1caa20099e5a67f091541aa9b6
expr,expr/tests02.jsonl,3892,50759dbe86b2fe2304536d3f6c7bd2a1597ecfc991aff3b281990f86d7ca43f9,1a904742d3255948dec9490d5568c9112dce0e1caa20099e5a67f091541aa9b6
expr,expr/tests03.jsonl,1267,15c4206af74c95db7c95dbf0ed370899d25c67de133f3311663974f439e8e25e,1a904742d3255948dec9490d5568c9112dce0e1caa20099e5a67f091541aa9b6
fmt,fmt/Makefile,460,b3130e0a3a221ffd499500087f8658679d4488f9128df75d33921f4b93f9382c,d223f262716adec2c79f83ca4b630dd43ceb7214b04511a29cf918ef3eec7a22
fmt,fmt/fmt.c,20238,4a89c2ecfd875a49597b3bc377f994bf834587b43fcb4b6b3af9ea84e1682b54,d223f262716adec2c79f83ca4b630dd43ceb7214b04511a29cf918ef3eec7a22
fmt,fmt/norm_rules.jsonl,194,fe7433a43fb7b0232e47c75c554f9d1fa44de0c34dd6ebf39fb03f7665dd6e18,d223f262716adec2c79f83ca4b630dd43ceb7214b04511a29cf918ef3eec7a22
fmt,fmt/testcmp.sh,24766,47321878fe4dba96c670ecd7f7da5ed55b5d28bfcbcd98d384ad38ba6cb41cc4,d223f262716adec2c79f83ca4b630dd43ceb7214b04511a29cf918ef3eec7a22
fmt,fmt/tests00.jsonl,6154,b6679a014a9c1279ec0c7cd4796636999c17093a0e911be05ad793f93cbc811d,d223f262716adec2c79f83ca4b630dd43ceb7214b04511a29cf918ef3eec7a22
fmt,fmt/tests01.jsonl,6407,9cc8e66f51c65aa913bf8b21dc640a5112cb276256fae64344b3702dd10585e1,d223f262716adec2c79f83ca4b630dd43ceb7214b04511a29cf918ef3eec7a22
fmt,fmt/tests02.jsonl,1196,8a8e3f27f761dd2989fce7fea23c373b998644da91e7dde1254cdc09aa44dea5,d223f262716adec2c79f83ca4b630dd43ceb7214b04511a29cf918ef3eec7a22
join,join/Makefile,484,87a75647785cdee0f1bfdd2f6e26239135d0078c22b7f389af9969198fcb030f,8140b03251f0d82554fcaf36db3703569fc70ff0c6fcba6f3aef8a991140ceb0
join,join/join.c,15126,2a7d128f824d67c68c315a57922394869d3d3848fffcbe24151e4b4c67920bea,8140b03251f0d82554fcaf36db3703569fc70ff0c6fcba6f3aef8a991140ceb0
join,join/norm_rules.jsonl,194,fe7433a43fb7b0232e47c75c554f9d1fa44de0c34dd6ebf39fb03f7665dd6e18,8140b03251f0d82554fcaf36db3703569fc70ff0c6fcba6f3aef8a991140ceb0
join,join/testcmp.sh,24740,95ca4f303782e4fe02261750bb8cfe2174685da2015b6be5596202ecab8d7a69,8140b03251f0d82554fcaf36db3703569fc70ff0c6fcba6f3aef8a991140ceb0
join,join/tests00.jsonl,11128,87d37903b0eeaeebe6fe1aa57c68f3b1d7d82901670b49ff8ef51b0ff6b6bd6c,8140b03251f0d82554fcaf36db3703569fc70ff0c6fcba6f3aef8a991140ceb0
join,join/tests01.jsonl,10710,a9a6a0f496cfd45db8869b68e382708bc269dc3cf5b58323d733a204c856e212,8140b03251f0d82554fcaf36db3703569fc70ff0c6fcba6f3aef8a991140ceb0
join,join/tests02.jsonl,6789,10f0feedd48fcadf87999a516509fab0725d56e4096f73527ba5249bc9d953d6,8140b03251f0d82554fcaf36db3703569fc70ff0c6fcba6f3aef8a991140ceb0
join,join/tests03.jsonl,359,4861b5ad84c47c74bd7f5a53b0c68b9abb4cc400c059e58be0f81dd704e7b776,8140b03251f0d82554fcaf36db3703569fc70ff0c6fcba6f3aef8a991140ceb0
join,join/tests04.jsonl,3414,51bdd7524b91795f33a69ba7dc46b1bcafc2459908781cbc2e21d392c253d30e,8140b03251f0d82554fcaf36db3703569fc70ff0c6fcba6f3aef8a991140ceb0
printf,printf/Makefile,465,6bb917df03888d8243297252891606583cc6f1533c174977da74442819de7f46,6bbc968bd598b387724d69c660469906d82711a781b66343cdab393c261c782b
printf,printf/norm_rules.jsonl,194,fe7433a43fb7b0232e47c75c554f9d1fa44de0c34dd6ebf39fb03f7665dd6e18,6bbc968bd598b387724d69c660469906d82711a781b66343cdab393c261c782b
printf,printf/printf.c,8652,aef63e5822635c318098e6062ead4ad280f14fbf9be00924d4f94208500adafb,6bbc968bd598b387724d69c660469906d82711a781b66343cdab393c261c782b
printf,printf/testcmp.sh,19487,de2ca550bdfe7ec39090b7ef0cbf25894d5baf0d414b68d236b3f77c96291acb,6bbc968bd598b387724d69c660469906d82711a781b66343cdab393c261c782b
printf,printf/tests00.jsonl,3525,de7729e9475660925e413f833be5074afd8caf9a879909694a6e0ff26bc408dc,6bbc968bd598b387724d69c660469906d82711a781b66343cdab393c261c782b
printf,printf/tests01.jsonl,3956,613c141a354cbc9cc797e59d03de4fcc77b237e93fb0bf5031d3c3275461450e,6bbc968bd598b387724d69c660469906d82711a781b66343cdab393c261c782b
printf,printf/tests02.jsonl,2790,07d9affd5895be56ba2f82ac890cd38c394470497f503de41325dd1fbfa73530,6bbc968bd598b387724d69c660469906d82711a781b66343cdab393c261c782b
test,test/Makefile,484,1e8fc4c6058bbe25482109e8edae8b72e3ef632a06ea4b2462adcdcab0bc5b46,5a5a7b5e6e390654a71eb2624fb5d664f5a109125dfe2769fb58f3a26c9bd77f
test,test/norm_rules.jsonl,194,fe7433a43fb7b0232e47c75c554f9d1fa44de0c34dd6ebf39fb03f7665dd6e18,5a5a7b5e6e390654a71eb2624fb5d664f5a109125dfe2769fb58f3a26c9bd77f
test,test/test.c,12825,36aa53bea65f17447499da7d87841c09104a57c4fa00696ef0df5e323f465435,5a5a7b5e6e390654a71eb2624fb5d664f5a109125dfe2769fb58f3a26c9bd77f
test,test/testcmp.sh,24740,b3dfac9027187c9f1e4f475b82681251ee099eaeeb36781fa3f36d6f4a3f8072,5a5a7b5e6e390654a71eb2624fb5d664f5a109125dfe2769fb58f3a26c9bd77f
test,test/tests00.jsonl,8166,f95a12491719ac088bd12e320ed0a71c2f9003f0038a9712ae7390385a7c3dd6,5a5a7b5e6e390654a71eb2624fb5d664f5a109125dfe2769fb58f3a26c9bd77f
test,test/tests01.jsonl,7117,7ca4e8c499102b5267b3c40b986a1a61892a9be16bf5ff8cc40650bffe331ec1,5a5a7b5e6e390654a71eb2624fb5d664f5a109125dfe2769fb58f3a26c9bd77f
test,test/tests02.jsonl,8240,0187e4decc5bfa3a5f4841531b419f6516bec2d0cc80788336022e871f63a6ac,5a5a7b5e6e390654a71eb2624fb5d664f5a109125dfe2769fb58f3a26c9bd77f
