subject_id,relative_path,bytes,sha256
repotransbench__parser,scaffold/pom.xml,1509,804058b33788fbdd08aaa3a94babcda4ef571db0f15114607b84dca88fde461d
repotransbench__parser,scaffold/src/test/java/ComputeTest.java,3979,80e807873162ad9bf5ac65591201ad734febfbc6a5348b57e6512b480176c6d3
repotransbench__parser,scaffold/src/test/java/ParserTest.java,1401,1ce04041cbfde95a49d91186630ade6b0134bfba410ad11d1033263ee080f29f
repotransbench__avalanche,scaffold/pom.xml,1506,cd289bcf206cb45c24c5d1c73517e5a39c4b555a95589c289d43195cf9ec7bcd
repotransbench__avalanche,scaffold/src/test/java/LatencyTest.java,1612,8bd66773c38fb0a023985a57535c6452ebe1445c53b89d045314df6a3bdbe392
repotransbench__avalanche,scaffold/src/test/java/PacketLossTest.java,1689,b3aa37d11ccf7caa099184a446041a7230a9c59f84e5e745285a1093a3ba744e
repotransbench__avalanche,scaffold/src/test/java/PartitionTest.java,1008,3c304faa218f339bc4c60c8e9d49814318308e2de72f973020c4f7cd02ae32b9
repotransbench__avalanche,scaffold/src/test/java/ReorderTest.java,1805,f4ed15bb3c4fb65e2db5b2bc001d9099fef8cb161812d2769512396eda5f9be1
repotransbench__avalanche,scaffold/src/test/java/SettingsTest.java,2538,804232b55386ca215ccb58dd5f9e308c39cf25b5310b9aa16d5e4c77e2c095d7
repotransbench__distinct-n,scaffold/pom.xml,1515,fa91eee72371ce9dfc16e6b060f8027449bb77f073a8c570437482275c0ebd7f
repotransbench__distinct-n,scaffold/src/test/java/TestDistinctN.java,1295,2251c12c136e75746adf161369522874c3acfdd3da9a2681000b224a30ad6085
