project_id,project,public_actor_result_directory,paper_87_membership,codeweaver_build_repetitions,codeweaver_pass_all_repetitions,codeweaver_fixed_tests_passed,codeweaver_fixed_tests_expected
crust__2dpartint,2dpartint,True,unresolved,3,2,18,18
crust__42-kocaeli-printf,42-kocaeli-printf,True,unresolved,3,3,6,6
crust__aes128-simd,aes128-simd,True,unresolved,3,3,12,12
crust__amp,amp,True,unresolved,3,3,3,3
crust__approxidate,approxidate,True,unresolved,3,2,4,6
crust__avalanche,avalanche,True,unresolved,3,3,3,3
crust__bhshell,bhshell,True,unresolved,3,2,4,6
crust__bigint,bigint,True,unresolved,3,0,2,24
crust__blt,blt,True,unresolved,3,0,0,3
crust__bostree,bostree,True,unresolved,3,0,0,9
crust__btree-map,btree-map,True,unresolved,3,3,18,18
crust__c-aces,c-aces,True,unresolved,3,3,39,39
crust__c-blind-rsa-signatures,c-blind-rsa-signatures,True,unresolved,3,3,9,9
crust__c-string,c-string,True,unresolved,3,3,45,45
crust__carrays,carrays,True,unresolved,3,3,6,6
crust__cfsm,cfsm,True,unresolved,3,0,0,3
crust__chtrie,chtrie,True,unresolved,3,3,3,3
crust__circularbuffer,circularbuffer,True,unresolved,3,3,3,3
crust__cissy,cissy,True,unresolved,3,1,7,9
crust__cjson,cjson,True,unresolved,3,3,3,3
crust__clhash,clhash,True,unresolved,3,0,0,15
crust__coroutine,coroutine,True,unresolved,3,3,3,3
crust__cset,cset,True,unresolved,3,3,45,45
crust__csyncmers,csyncmers,True,unresolved,3,3,3,3
crust__dict,dict,True,unresolved,3,3,18,18
crust__emlang,emlang,True,unresolved,3,0,0,3
crust__expr,expr,True,unresolved,3,3,6,6
crust__fasthamming,fasthamming,True,unresolved,3,3,21,21
crust__fft,fft,True,unresolved,3,3,3,3
crust__file2str,file2str,True,unresolved,3,3,3,3
crust__fleur,fleur,True,unresolved,3,0,1,21
crust__fs_c,fs_c,True,unresolved,3,2,34,51
crust__fslib,fslib,True,unresolved,3,0,38,162
crust__geofence,geofence,True,unresolved,3,3,3,3
crust__gfc,gfc,True,unresolved,3,0,0,3
crust__gorilla-paper-encode,gorilla-paper-encode,True,unresolved,3,3,3,3
crust__graph-recogniser,graph-recogniser,True,unresolved,3,2,4,6
crust__hamta,hamta,True,unresolved,3,0,15,18
crust__hydra,hydra,True,unresolved,3,0,0,6
crust__impcheck,impcheck,True,unresolved,3,0,0,18
crust__inversion_list,inversion_list,True,unresolved,3,0,20,45
crust__jccc,jccc,True,unresolved,3,3,12,12
crust__kairocompiler,kairocompiler,True,unresolved,3,0,0,6
crust__kd3,kd3,True,unresolved,3,1,1,3
crust__lambda-calculus-eval,lambda-calculus-eval,True,unresolved,3,2,65,66
crust__leftpad,leftpad,True,unresolved,3,3,3,3
crust__lib2bit,lib2bit,True,unresolved,3,0,0,3
crust__libbase122,libbase122,True,unresolved,3,0,15,18
crust__libbeaufort,libbeaufort,True,unresolved,3,3,9,9
crust__libfor,libfor,True,unresolved,3,0,0,3
crust__libm17,libm17,True,unresolved,3,0,12,21
crust__libpgn,libpgn,True,unresolved,3,0,50,60
crust__libpsbt,libpsbt,True,unresolved,3,1,10,12
crust__libqueue,libqueue,True,unresolved,3,2,2,3
crust__libtinyfseq,libtinyfseq,True,unresolved,3,3,6,6
crust__libutf,libutf,True,unresolved,3,0,0,33
crust__libvcd,libvcd,True,unresolved,3,0,0,3
crust__libwecan,libwecan,True,unresolved,3,0,0,3
crust__linear-algebra-c,linear-algebra-c,True,unresolved,3,0,69,72
crust__ljmm,ljmm,True,unresolved,3,0,0,6
crust__ltre,ltre,True,unresolved,3,2,2,3
crust__math-library-in-c,math-library-in-c,True,unresolved,3,3,48,48
crust__matrix_multiplication,matrix_multiplication,True,unresolved,3,3,6,6
crust__mdb,mdb,True,unresolved,3,3,12,12
crust__megalania,megalania,True,unresolved,3,2,14,21
crust__merkle-tree-c,merkle-tree-c,True,unresolved,3,3,18,18
crust__morton,morton,True,unresolved,3,0,0,3
crust__murmurhash_c,murmurhash_c,True,unresolved,3,3,3,3
crust__mvptree,mvptree,True,unresolved,3,2,2,3
crust__nandc,nandc,True,unresolved,3,3,33,33
crust__phills_dht,phills_dht,True,unresolved,3,3,87,87
crust__quadtree,quadtree,True,unresolved,3,2,11,12
crust__razz_simulation,razz_simulation,True,unresolved,3,0,0,3
crust__rbtree-lab,rbtree-lab,True,unresolved,3,3,18,18
crust__recordmanager,recordmanager,True,unresolved,3,3,9,9
crust__rect_pack_h,rect_pack_h,True,unresolved,3,3,18,18
crust__remimu,remimu,True,unresolved,3,3,3,3
crust__rhbloom,rhbloom,True,unresolved,3,0,0,3
crust__roaring-bitmap,roaring-bitmap,True,unresolved,3,0,45,45
crust__rubiksolver,rubiksolver,True,unresolved,3,3,18,18
crust__satc,satc,True,unresolved,3,2,11,12
crust__simple-config,simple-config,True,unresolved,3,3,21,21
crust__simple-sparsehash,simple-sparsehash,True,unresolved,3,2,24,36
crust__simple_lang,simple_lang,True,unresolved,3,3,9,9
crust__simplexml,simplexml,True,unresolved,3,3,9,9
crust__skp,skp,True,unresolved,3,0,3,9
crust__slothlang,slothlang,True,unresolved,3,0,6,9
crust__ted,ted,True,unresolved,3,1,1,3
crust__tisp,tisp,True,unresolved,3,0,0,3
crust__totp,totp,True,unresolved,3,3,15,15
crust__ulidgen,ulidgen,True,unresolved,3,0,0,15
crust__utf8,utf8,True,unresolved,3,0,72,75
crust__vec,vec,True,unresolved,3,3,66,66
crust__worsp,worsp,True,unresolved,3,3,12,12
crust__xopt,xopt,True,unresolved,3,3,6,6
