build,build_returncode,campaign,candidate_status,evaluation_status,expected_tests,generated_function_sha256,pass_all,repetition,run_status,source_language,subject,subject_id,target_language,test_returncode,tests_failed,tests_ignored,tests_not_executed,tests_passed,tests_total
True,0,rustrepotrans,evaluated,measured,284,88f70caec455949342a19bb76d0f46a58d3f39b9e281e86b305fc2388728d64a,True,0,completed,C,incubator-milagro-crypto:RAND::clean,rustrepotrans__c__clean,Rust,0,0,0,0,284,284
True,0,rustrepotrans,evaluated,measured,284,88f70caec455949342a19bb76d0f46a58d3f39b9e281e86b305fc2388728d64a,True,1,completed,C,incubator-milagro-crypto:RAND::clean,rustrepotrans__c__clean,Rust,0,0,0,0,284,284
True,0,rustrepotrans,evaluated,measured,284,13380784f185b25c725f296666a22b6af532e8206a680fa98793c2a53c6d2c43,True,2,completed,C,incubator-milagro-crypto:RAND::clean,rustrepotrans__c__clean,Rust,0,0,0,0,284,284
True,0,rustrepotrans,evaluated,measured,284,17c12f2f8fbd6edf83a9507533aa53fb3b94a4ecfe1e1fc070488054fe4dabd6,True,0,completed,Java,incubator-milagro-crypto:big::set,rustrepotrans__java__set,Rust,0,0,0,0,284,284
True,0,rustrepotrans,evaluated,measured,284,17c12f2f8fbd6edf83a9507533aa53fb3b94a4ecfe1e1fc070488054fe4dabd6,True,1,completed,Java,incubator-milagro-crypto:big::set,rustrepotrans__java__set,Rust,0,0,0,0,284,284
True,0,rustrepotrans,evaluated,measured,284,17c12f2f8fbd6edf83a9507533aa53fb3b94a4ecfe1e1fc070488054fe4dabd6,True,2,completed,Java,incubator-milagro-crypto:big::set,rustrepotrans__java__set,Rust,0,0,0,0,284,284
True,0,rustrepotrans,evaluated,measured,64,563a4ae255eec49cbde46bf25d622739736c17e5bc1846ddabaf3aa2e5755851,True,0,completed,Python,charset-normalizer:CharsetMatch::encoding,rustrepotrans__python__encoding,Rust,0,0,0,0,64,64
True,0,rustrepotrans,evaluated,measured,64,c541fd9ee2d0216b5e3f40d9505e65923ad92aaa3437996c08f77344d1c4abd6,True,1,completed,Python,charset-normalizer:CharsetMatch::encoding,rustrepotrans__python__encoding,Rust,0,0,0,0,64,64
True,0,rustrepotrans,evaluated,measured,64,c541fd9ee2d0216b5e3f40d9505e65923ad92aaa3437996c08f77344d1c4abd6,True,2,completed,Python,charset-normalizer:CharsetMatch::encoding,rustrepotrans__python__encoding,Rust,0,0,0,0,64,64
