project_id,repetition,status,returncode,timed_out,target_function_count,warnings,errors,lint_alerts,lint_alerts_per_function,diagnostic_codes_json
crust__2dpartint,0,measured,0,False,174,21,0,21,0.1206896551724138,"{""clippy::missing_const_for_thread_local"": 1, ""clippy::ptr_arg"": 3, ""clippy::too_many_arguments"": 5, ""dead_code"": 9, ""non_snake_case"": 1, ""unused_imports"": 2}"
crust__2dpartint,1,measured,0,False,198,20,0,20,0.10101010101010101,"{""clippy::assign_op_pattern"": 4, ""clippy::iter_cloned_collect"": 1, ""clippy::manual_repeat_n"": 2, ""clippy::ptr_arg"": 2, ""clippy::too_many_arguments"": 6, ""dead_code"": 2, ""non_snake_case"": 1, ""unused_imports"": 2}"
crust__2dpartint,2,measured,0,False,165,10,0,10,0.06060606060606061,"{""clippy::manual_is_multiple_of"": 1, ""clippy::needless_range_loop"": 1, ""clippy::neg_cmp_op_on_partial_ord"": 1, ""clippy::ptr_arg"": 1, ""clippy::too_many_arguments"": 1, ""dead_code"": 2, ""non_snake_case"": 1, ""unused_imports"": 2}"
crust__42-kocaeli-printf,0,measured,0,False,52,3,0,3,0.057692307692307696,"{""non_snake_case"": 1, ""unused_imports"": 2}"
crust__42-kocaeli-printf,1,measured,0,False,68,3,0,3,0.04411764705882353,"{""non_snake_case"": 1, ""unused_imports"": 2}"
crust__42-kocaeli-printf,2,measured,0,False,55,3,0,3,0.05454545454545454,"{""non_snake_case"": 1, ""unused_imports"": 2}"
crust__aes128-simd,0,measured,0,False,51,5,0,5,0.09803921568627451,"{""non_snake_case"": 1, ""unused_imports"": 4}"
crust__aes128-simd,1,measured,0,False,44,5,0,5,0.11363636363636363,"{""non_snake_case"": 1, ""unused_imports"": 4}"
crust__aes128-simd,2,measured,0,False,66,8,0,8,0.12121212121212122,"{""clippy::manual_is_multiple_of"": 1, ""clippy::needless_range_loop"": 2, ""non_snake_case"": 1, ""unused_imports"": 4}"
crust__amp,0,measured,0,False,32,1,0,1,0.03125,"{""unused_imports"": 1}"
crust__amp,1,measured,0,False,28,1,0,1,0.03571428571428571,"{""unused_imports"": 1}"
crust__amp,2,measured,0,False,38,1,0,1,0.02631578947368421,"{""unused_imports"": 1}"
crust__approxidate,0,measured,0,False,144,7,0,7,0.04861111111111111,"{""clippy::collapsible_if"": 2, ""clippy::wrong_self_convention"": 1, ""dead_code"": 2, ""unused_imports"": 2}"
crust__approxidate,1,measured,0,False,151,2,0,2,0.013245033112582781,"{""unused_imports"": 2}"
crust__approxidate,2,measured,0,False,163,6,0,6,0.03680981595092025,"{""clippy::collapsible_if"": 4, ""unused_imports"": 2}"
crust__avalanche,0,measured,0,False,84,6,0,6,0.07142857142857142,"{""clippy::manual_repeat_n"": 4, ""dead_code"": 2}"
crust__avalanche,1,measured,0,False,60,2,0,2,0.03333333333333333,"{""dead_code"": 2}"
crust__avalanche,2,measured,0,False,63,2,0,2,0.031746031746031744,"{""dead_code"": 2}"
crust__bhshell,0,measured,0,False,307,2,0,2,0.006514657980456026,"{""clippy::derivable_impls"": 2}"
crust__bhshell,1,measured,0,False,243,2,0,2,0.00823045267489712,"{""clippy::io_other_error"": 1, ""clippy::manual_c_str_literals"": 1}"
crust__bhshell,2,measured,0,False,214,4,0,4,0.018691588785046728,"{""clippy::manual_c_str_literals"": 1, ""dead_code"": 3}"
crust__bitset,0,measured,0,False,55,5,0,5,0.09090909090909091,"{""clippy::inherent_to_string"": 1, ""clippy::manual_is_multiple_of"": 1, ""unused_imports"": 3}"
crust__bitset,1,measured,0,False,68,5,0,5,0.07352941176470588,"{""clippy::inherent_to_string"": 1, ""clippy::manual_is_multiple_of"": 1, ""unused_imports"": 3}"
crust__bitset,2,measured,0,False,68,5,0,5,0.07352941176470588,"{""clippy::inherent_to_string"": 1, ""clippy::manual_is_multiple_of"": 1, ""unused_imports"": 3}"
crust__bostree,0,measured,0,False,91,21,0,21,0.23076923076923078,"{""clippy::almost_complete_range"": 2, ""clippy::only_used_in_recursion"": 1, ""clippy::unnecessary_map_or"": 2, ""dead_code"": 5, ""non_snake_case"": 1, ""unused_imports"": 10}"
crust__bostree,1,measured,0,False,77,23,0,23,0.2987012987012987,"{""clippy::almost_complete_range"": 2, ""clippy::redundant_closure"": 2, ""clippy::unnecessary_map_or"": 2, ""dead_code"": 6, ""non_snake_case"": 1, ""unused_imports"": 10}"
crust__bostree,2,measured,0,False,87,22,0,22,0.25287356321839083,"{""clippy::almost_complete_range"": 2, ""clippy::redundant_closure"": 2, ""clippy::unnecessary_map_or"": 2, ""dead_code"": 5, ""non_snake_case"": 1, ""unused_imports"": 10}"
crust__btree-map,0,measured,0,False,70,4,0,4,0.05714285714285714,"{""clippy::ptr_arg"": 3, ""unused_imports"": 1}"
crust__btree-map,1,measured,0,False,54,2,0,2,0.037037037037037035,"{""clippy::ptr_arg"": 1, ""unused_imports"": 1}"
crust__btree-map,2,measured,0,False,63,2,0,2,0.031746031746031744,"{""clippy::ptr_arg"": 1, ""unused_imports"": 1}"
crust__c-aces,0,measured,0,False,188,11,0,11,0.05851063829787234,"{""dead_code"": 1, ""non_snake_case"": 1, ""unused_imports"": 9}"
crust__c-aces,1,measured,0,False,176,11,0,11,0.0625,"{""dead_code"": 1, ""non_snake_case"": 1, ""unused_imports"": 9}"
crust__c-aces,2,measured,0,False,175,11,0,11,0.06285714285714286,"{""dead_code"": 1, ""non_snake_case"": 1, ""unused_imports"": 9}"
crust__c-string,0,measured,0,False,59,2,0,2,0.03389830508474576,"{""dead_code"": 1, ""unused_imports"": 1}"
crust__c-string,1,measured,0,False,48,2,0,2,0.041666666666666664,"{""dead_code"": 1, ""unused_imports"": 1}"
crust__c-string,2,measured,0,False,55,2,0,2,0.03636363636363636,"{""dead_code"": 1, ""unused_imports"": 1}"
crust__carrays,0,measured,0,False,60,3,0,3,0.05,"{""unused_imports"": 3}"
crust__carrays,1,measured,0,False,69,4,0,4,0.057971014492753624,"{""dead_code"": 1, ""unused_imports"": 3}"
crust__carrays,2,measured,0,False,73,4,0,4,0.0547945205479452,"{""dead_code"": 1, ""unused_imports"": 3}"
crust__cfsm,0,measured,0,False,47,77,0,77,1.6382978723404256,"{""clippy::assign_op_pattern"": 2, ""clippy::new_without_default"": 1, ""clippy::redundant_allocation"": 9, ""clippy::type_complexity"": 4, ""dead_code"": 16, ""non_upper_case_globals"": 2, ""static_mut_refs"": 24, ""unpredictable_function_pointer_comparisons"": 9, ""unused_variables"": 10}"
crust__cfsm,1,measured,0,False,57,76,0,76,1.3333333333333333,"{""clippy::assign_op_pattern"": 2, ""clippy::new_without_default"": 1, ""clippy::redundant_allocation"": 9, ""clippy::type_complexity"": 4, ""dead_code"": 16, ""non_upper_case_globals"": 2, ""static_mut_refs"": 24, ""unpredictable_function_pointer_comparisons"": 9, ""unused_variables"": 9}"
crust__cfsm,2,measured,0,False,46,77,0,77,1.673913043478261,"{""clippy::assign_op_pattern"": 2, ""clippy::new_without_default"": 1, ""clippy::redundant_allocation"": 9, ""clippy::type_complexity"": 4, ""dead_code"": 16, ""non_upper_case_globals"": 2, ""static_mut_refs"": 24, ""unpredictable_function_pointer_comparisons"": 9, ""unused_variables"": 10}"
crust__chtrie,0,measured,0,False,33,9,0,9,0.2727272727272727,"{""dead_code"": 9}"
crust__chtrie,1,measured,0,False,32,9,0,9,0.28125,"{""dead_code"": 9}"
crust__chtrie,2,measured,0,False,30,9,0,9,0.3,"{""dead_code"": 9}"
crust__circularbuffer,0,measured,0,False,33,3,0,3,0.09090909090909091,"{""clippy::if_same_then_else"": 1, ""non_snake_case"": 1, ""unused_imports"": 1}"
crust__circularbuffer,1,measured,0,False,46,2,0,2,0.043478260869565216,"{""non_snake_case"": 1, ""unused_imports"": 1}"
crust__circularbuffer,2,measured,0,False,38,3,0,3,0.07894736842105263,"{""clippy::if_same_then_else"": 1, ""non_snake_case"": 1, ""unused_imports"": 1}"
crust__cissy,0,measured,0,False,161,4,0,4,0.024844720496894408,"{""clippy::module_inception"": 1, ""clippy::new_without_default"": 3}"
crust__cissy,1,measured,0,False,83,62,0,62,0.7469879518072289,"{""clippy::module_inception"": 1, ""clippy::new_without_default"": 3, ""dead_code"": 45, ""unused_imports"": 8, ""unused_variables"": 5}"
crust__cissy,2,measured,0,False,81,44,0,44,0.5432098765432098,"{""clippy::module_inception"": 1, ""clippy::new_without_default"": 3, ""dead_code"": 32, ""unused_imports"": 8}"
crust__clog,0,incomplete_compile_error,101,False,93,58,4,62,0.6666666666666666,"{""clippy::absurd_extreme_comparisons"": 4, ""clippy::ineffective_open_options"": 1, ""clippy::io_other_error"": 1, ""clippy::result_unit_err"": 3, ""clippy::single_component_path_imports"": 1, ""clippy::too_many_arguments"": 1, ""dead_code"": 14, ""redundant_semicolons"": 1, ""unused_imports"": 6, ""unused_must_use"": 28, ""unused_mut"": 2}"
crust__clog,1,incomplete_compile_error,101,False,119,54,4,58,0.48739495798319327,"{""clippy::absurd_extreme_comparisons"": 4, ""clippy::result_unit_err"": 3, ""clippy::single_component_path_imports"": 1, ""dead_code"": 14, ""unused_imports"": 6, ""unused_must_use"": 28, ""unused_mut"": 2}"
crust__clog,2,incomplete_compile_error,101,False,87,61,4,65,0.7471264367816092,"{""clippy::absurd_extreme_comparisons"": 4, ""clippy::ineffective_open_options"": 1, ""clippy::io_other_error"": 1, ""clippy::manual_pattern_char_comparison"": 1, ""clippy::result_unit_err"": 3, ""clippy::single_component_path_imports"": 1, ""dead_code"": 17, ""redundant_semicolons"": 1, ""unused_imports"": 6, ""unused_must_use"": 28, ""unused_mut"": 2}"
crust__cset,0,incomplete_compile_error,101,False,107,1,4,5,0.04672897196261682,"{""clippy::mut_from_ref"": 2, ""clippy::new_without_default"": 1, ""clippy::not_unsafe_ptr_arg_deref"": 2}"
crust__cset,1,incomplete_compile_error,101,False,123,1,2,3,0.024390243902439025,"{""clippy::mut_from_ref"": 2, ""clippy::new_without_default"": 1}"
crust__cset,2,incomplete_compile_error,101,False,117,1,2,3,0.02564102564102564,"{""clippy::new_without_default"": 1, ""clippy::not_unsafe_ptr_arg_deref"": 2}"
crust__csyncmers,0,measured,0,False,24,3,0,3,0.125,"{""dead_code"": 1, ""unused_imports"": 2}"
crust__csyncmers,1,measured,0,False,38,3,0,3,0.07894736842105263,"{""dead_code"": 1, ""unused_imports"": 2}"
crust__csyncmers,2,measured,0,False,26,3,0,3,0.11538461538461539,"{""dead_code"": 1, ""unused_imports"": 2}"
crust__dict,0,measured,0,False,103,25,0,25,0.24271844660194175,"{""clippy::needless_borrow"": 1, ""clippy::needless_lifetimes"": 1, ""dead_code"": 7, ""unused_imports"": 16}"
crust__dict,1,measured,0,False,99,25,0,25,0.25252525252525254,"{""clippy::needless_borrow"": 1, ""clippy::needless_lifetimes"": 1, ""dead_code"": 7, ""unused_imports"": 16}"
crust__dict,2,measured,0,False,99,27,0,27,0.2727272727272727,"{""clippy::doc_lazy_continuation"": 2, ""clippy::needless_borrow"": 1, ""clippy::needless_lifetimes"": 1, ""dead_code"": 7, ""unused_imports"": 16}"
crust__emlang,0,measured,0,False,109,21,0,21,0.1926605504587156,"{""clippy::new_without_default"": 1, ""dead_code"": 18, ""unused_imports"": 1, ""unused_macros"": 1}"
crust__emlang,1,measured,0,False,130,5,0,5,0.038461538461538464,"{""clippy::manual_is_multiple_of"": 1, ""clippy::new_without_default"": 1, ""dead_code"": 2, ""unused_macros"": 1}"
crust__emlang,2,measured,0,False,117,48,0,48,0.41025641025641024,"{""clippy::new_without_default"": 1, ""dead_code"": 12, ""unused_imports"": 1, ""unused_macros"": 1, ""unused_variables"": 33}"
crust__expr,0,measured,0,False,93,7,0,7,0.07526881720430108,"{""clippy::needless_lifetimes"": 1, ""clippy::new_without_default"": 1, ""dead_code"": 3, ""unused_imports"": 1, ""unused_macros"": 1}"
crust__expr,1,measured,0,False,105,3,0,3,0.02857142857142857,"{""clippy::needless_lifetimes"": 1, ""clippy::new_without_default"": 1, ""unused_imports"": 1}"
crust__expr,2,measured,0,False,119,3,0,3,0.025210084033613446,"{""clippy::needless_lifetimes"": 1, ""clippy::new_without_default"": 1, ""unused_imports"": 1}"
crust__fasthamming,0,measured,0,False,33,4,0,4,0.12121212121212122,"{""clippy::manual_is_multiple_of"": 1, ""non_snake_case"": 1, ""unused_imports"": 2}"
crust__fasthamming,1,measured,0,False,28,4,0,4,0.14285714285714285,"{""clippy::manual_is_multiple_of"": 1, ""non_snake_case"": 1, ""unused_imports"": 2}"
crust__fasthamming,2,measured,0,False,26,3,0,3,0.11538461538461539,"{""non_snake_case"": 1, ""unused_imports"": 2}"
crust__file2str,0,measured,0,False,44,1,0,1,0.022727272727272728,"{""unused_imports"": 1}"
crust__file2str,1,measured,0,False,22,1,0,1,0.045454545454545456,"{""unused_imports"": 1}"
crust__file2str,2,measured,0,False,46,5,0,5,0.10869565217391304,"{""clippy::write_with_newline"": 4, ""unused_imports"": 1}"
crust__fs_c,0,measured,0,False,90,4,0,4,0.044444444444444446,"{""dead_code"": 3, ""unused_imports"": 1}"
crust__fs_c,1,measured,0,False,105,10,0,10,0.09523809523809523,"{""dead_code"": 6, ""unused_imports"": 1, ""unused_variables"": 3}"
crust__fs_c,2,measured,0,False,123,5,0,5,0.04065040650406504,"{""dead_code"": 4, ""unused_imports"": 1}"
crust__geofence,0,measured,0,False,15,3,0,3,0.2,"{""clippy::if_same_then_else"": 1, ""dead_code"": 2}"
crust__geofence,1,measured,0,False,21,3,0,3,0.14285714285714285,"{""clippy::if_same_then_else"": 1, ""dead_code"": 2}"
crust__geofence,2,measured,0,False,14,3,0,3,0.21428571428571427,"{""clippy::if_same_then_else"": 1, ""dead_code"": 2}"
crust__gfc,0,measured,0,False,27,1,0,1,0.037037037037037035,"{""dead_code"": 1}"
crust__gfc,1,measured,0,False,34,0,0,0,0.0,{}
crust__gfc,2,measured,0,False,25,1,0,1,0.04,"{""dead_code"": 1}"
crust__gorilla-paper-encode,0,measured,0,False,62,10,0,10,0.16129032258064516,"{""clippy::manual_is_multiple_of"": 1, ""clippy::needless_range_loop"": 2, ""dead_code"": 2, ""non_upper_case_globals"": 4, ""unused_imports"": 1}"
crust__gorilla-paper-encode,1,measured,0,False,65,9,0,9,0.13846153846153847,"{""clippy::needless_range_loop"": 2, ""dead_code"": 2, ""non_upper_case_globals"": 4, ""unused_imports"": 1}"
crust__gorilla-paper-encode,2,measured,0,False,63,10,0,10,0.15873015873015872,"{""clippy::collapsible_if"": 1, ""clippy::needless_range_loop"": 2, ""dead_code"": 2, ""non_upper_case_globals"": 4, ""unused_imports"": 1}"
crust__holdem-odds,0,measured,0,False,105,66,0,66,0.6285714285714286,"{""clippy::inherent_to_string"": 1, ""clippy::new_without_default"": 1, ""dead_code"": 27, ""non_snake_case"": 1, ""unused_imports"": 13, ""unused_variables"": 23}"
crust__holdem-odds,1,measured,0,False,141,72,0,72,0.5106382978723404,"{""clippy::enum_variant_names"": 2, ""clippy::inherent_to_string"": 1, ""clippy::new_without_default"": 1, ""clippy::wrong_self_convention"": 3, ""dead_code"": 55, ""non_snake_case"": 1, ""unused_imports"": 9}"
crust__holdem-odds,2,measured,0,False,104,74,0,74,0.7115384615384616,"{""clippy::inherent_to_string"": 1, ""clippy::new_without_default"": 1, ""clippy::ptr_arg"": 1, ""dead_code"": 25, ""non_snake_case"": 1, ""unused_imports"": 19, ""unused_variables"": 26}"
crust__hydra,0,measured,0,False,97,4,0,4,0.041237113402061855,"{""clippy::manual_is_multiple_of"": 1, ""clippy::print_with_newline"": 1, ""dead_code"": 1, ""unused_imports"": 1}"
crust__hydra,1,measured,0,False,140,3,0,3,0.02142857142857143,"{""clippy::manual_is_multiple_of"": 1, ""dead_code"": 1, ""unused_imports"": 1}"
crust__hydra,2,measured,0,False,89,4,0,4,0.0449438202247191,"{""clippy::manual_repeat_n"": 2, ""dead_code"": 1, ""unused_imports"": 1}"
crust__inversion_list,0,measured,0,False,69,30,0,30,0.43478260869565216,"{""dead_code"": 2, ""unused_imports"": 14, ""unused_variables"": 14}"
crust__inversion_list,1,measured,0,False,76,25,0,25,0.32894736842105265,"{""dead_code"": 1, ""unused_imports"": 14, ""unused_variables"": 10}"
crust__inversion_list,2,measured,0,False,61,26,0,26,0.4262295081967213,"{""dead_code"": 1, ""unused_imports"": 14, ""unused_variables"": 11}"
crust__jccc,0,measured,0,False,200,116,0,116,0.58,"{""clippy::manual_unwrap_or"": 1, ""clippy::missing_const_for_thread_local"": 1, ""clippy::write_with_newline"": 1, ""dead_code"": 19, ""non_camel_case_types"": 92, ""unused_imports"": 2}"
crust__jccc,1,measured,0,False,202,19,0,19,0.09405940594059406,"{""clippy::derivable_impls"": 2, ""dead_code"": 16, ""unused_imports"": 1}"
crust__jccc,2,measured,0,False,201,13,0,13,0.06467661691542288,"{""dead_code"": 12, ""unused_imports"": 1}"
crust__leftpad,0,measured,0,False,47,1,0,1,0.02127659574468085,"{""unused_imports"": 1}"
crust__leftpad,1,measured,0,False,39,1,0,1,0.02564102564102564,"{""unused_imports"": 1}"
crust__leftpad,2,measured,0,False,12,1,0,1,0.08333333333333333,"{""unused_imports"": 1}"
crust__lib2bit,0,measured,0,False,79,35,0,35,0.4430379746835443,"{""clippy::manual_div_ceil"": 1, ""clippy::ptr_arg"": 1, ""dead_code"": 4, ""unused_imports"": 4, ""unused_variables"": 25}"
crust__lib2bit,1,measured,0,False,92,8,0,8,0.08695652173913043,"{""clippy::manual_div_ceil"": 2, ""dead_code"": 2, ""unused_imports"": 4}"
crust__lib2bit,2,measured,0,False,106,8,0,8,0.07547169811320754,"{""clippy::manual_div_ceil"": 3, ""dead_code"": 1, ""unused_imports"": 4}"
crust__libbase122,0,measured,0,False,57,5,0,5,0.08771929824561403,"{""clippy::manual_is_multiple_of"": 1, ""clippy::manual_saturating_arithmetic"": 1, ""dead_code"": 2, ""unused_imports"": 1}"
crust__libbase122,1,measured,0,False,53,4,0,4,0.07547169811320754,"{""clippy::manual_is_multiple_of"": 1, ""dead_code"": 2, ""unused_imports"": 1}"
crust__libbase122,2,measured,0,False,54,3,0,3,0.05555555555555555,"{""dead_code"": 2, ""unused_imports"": 1}"
crust__libbeaufort,0,measured,0,False,93,4,0,4,0.043010752688172046,"{""unused_imports"": 4}"
crust__libbeaufort,1,measured,0,False,77,4,0,4,0.05194805194805195,"{""unused_imports"": 4}"
crust__libbeaufort,2,measured,0,False,79,5,0,5,0.06329113924050633,"{""clippy::manual_unwrap_or"": 1, ""unused_imports"": 4}"
crust__libwecan,0,measured,0,False,47,41,0,41,0.8723404255319149,"{""clippy::unnecessary_cast"": 1, ""dead_code"": 7, ""unused_imports"": 1, ""unused_variables"": 32}"
crust__libwecan,1,measured,0,False,39,48,0,48,1.2307692307692308,"{""clippy::unnecessary_cast"": 1, ""dead_code"": 7, ""unused_imports"": 1, ""unused_variables"": 39}"
crust__libwecan,2,measured,0,False,39,50,0,50,1.2820512820512822,"{""clippy::unnecessary_cast"": 1, ""dead_code"": 8, ""unused_imports"": 1, ""unused_variables"": 40}"
crust__linear-algebra-c,0,measured,0,False,237,4,0,4,0.016877637130801686,"{""clippy::manual_is_multiple_of"": 1, ""non_snake_case"": 1, ""unused_imports"": 2}"
crust__linear-algebra-c,1,measured,0,False,280,4,0,4,0.014285714285714285,"{""clippy::manual_is_multiple_of"": 1, ""non_snake_case"": 1, ""unused_imports"": 2}"
crust__linear-algebra-c,2,measured,0,False,243,4,0,4,0.01646090534979424,"{""clippy::manual_is_multiple_of"": 1, ""non_snake_case"": 1, ""unused_imports"": 2}"
crust__morton,0,measured,0,False,12,4,0,4,0.3333333333333333,"{""dead_code"": 2, ""unused_imports"": 1, ""unused_variables"": 1}"
crust__morton,1,measured,0,False,13,2,0,2,0.15384615384615385,"{""dead_code"": 1, ""unused_imports"": 1}"
crust__morton,2,measured,0,False,15,3,0,3,0.2,"{""dead_code"": 2, ""unused_imports"": 1}"
crust__murmurhash_c,0,measured,0,False,88,1,0,1,0.011363636363636364,"{""dead_code"": 1}"
crust__murmurhash_c,1,measured,0,False,50,1,0,1,0.02,"{""dead_code"": 1}"
crust__murmurhash_c,2,measured,0,False,42,2,0,2,0.047619047619047616,"{""clippy::manual_unwrap_or"": 1, ""dead_code"": 1}"
crust__nandc,0,measured,0,False,45,2,0,2,0.044444444444444446,"{""non_snake_case"": 1, ""unused_imports"": 1}"
crust__nandc,1,measured,0,False,43,2,0,2,0.046511627906976744,"{""non_snake_case"": 1, ""unused_imports"": 1}"
crust__nandc,2,measured,0,False,46,4,0,4,0.08695652173913043,"{""clippy::identity_op"": 2, ""non_snake_case"": 1, ""unused_imports"": 1}"
crust__phills_dht,0,measured,0,False,66,4,0,4,0.06060606060606061,"{""clippy::module_inception"": 1, ""non_snake_case"": 1, ""unused_imports"": 2}"
crust__phills_dht,1,measured,0,False,55,4,0,4,0.07272727272727272,"{""clippy::module_inception"": 1, ""non_snake_case"": 1, ""unused_imports"": 2}"
crust__phills_dht,2,measured,0,False,70,4,0,4,0.05714285714285714,"{""clippy::module_inception"": 1, ""non_snake_case"": 1, ""unused_imports"": 2}"
crust__razz_simulation,0,measured,0,False,71,80,0,80,1.1267605633802817,"{""clippy::assertions_on_constants"": 1, ""clippy::module_inception"": 2, ""dead_code"": 23, ""unused_variables"": 54}"
crust__razz_simulation,1,measured,0,False,95,107,0,107,1.1263157894736842,"{""clippy::assertions_on_constants"": 1, ""clippy::module_inception"": 4, ""dead_code"": 94, ""unused_imports"": 1, ""unused_variables"": 7}"
crust__razz_simulation,2,measured,0,False,97,44,0,44,0.4536082474226804,"{""clippy::assertions_on_constants"": 1, ""clippy::module_inception"": 2, ""dead_code"": 32, ""unused_imports"": 2, ""unused_variables"": 7}"
crust__rhbloom,0,measured,0,False,48,8,0,8,0.16666666666666666,"{""clippy::explicit_counter_loop"": 1, ""clippy::needless_range_loop"": 3, ""dead_code"": 1, ""unused_imports"": 1, ""unused_mut"": 2}"
crust__rhbloom,1,measured,0,False,58,8,0,8,0.13793103448275862,"{""clippy::explicit_counter_loop"": 1, ""clippy::needless_range_loop"": 3, ""dead_code"": 1, ""unused_imports"": 1, ""unused_mut"": 2}"
crust__rhbloom,2,measured,0,False,57,8,0,8,0.14035087719298245,"{""clippy::explicit_counter_loop"": 1, ""clippy::needless_range_loop"": 3, ""dead_code"": 1, ""unused_imports"": 1, ""unused_mut"": 2}"
crust__simple-sparsehash,0,measured,0,False,81,9,0,9,0.1111111111111111,"{""clippy::boxed_local"": 2, ""clippy::manual_is_multiple_of"": 1, ""clippy::needless_lifetimes"": 2, ""dead_code"": 1, ""non_snake_case"": 1, ""unused_imports"": 2}"
crust__simple-sparsehash,1,measured,0,False,78,5,0,5,0.0641025641025641,"{""clippy::boxed_local"": 1, ""dead_code"": 1, ""non_snake_case"": 1, ""unused_imports"": 2}"
crust__simple-sparsehash,2,measured,0,False,56,9,0,9,0.16071428571428573,"{""clippy::boxed_local"": 1, ""clippy::manual_is_multiple_of"": 1, ""clippy::needless_lifetimes"": 2, ""clippy::question_mark"": 1, ""dead_code"": 1, ""non_snake_case"": 1, ""unused_imports"": 2}"
crust__simplexml,0,measured,0,False,54,7,0,7,0.12962962962962962,"{""clippy::new_without_default"": 1, ""dead_code"": 1, ""non_snake_case"": 1, ""unused_imports"": 4}"
crust__simplexml,1,measured,0,False,53,7,0,7,0.1320754716981132,"{""clippy::new_without_default"": 1, ""dead_code"": 1, ""non_snake_case"": 1, ""unused_imports"": 4}"
crust__simplexml,2,measured,0,False,50,7,0,7,0.14,"{""clippy::new_without_default"": 1, ""dead_code"": 1, ""non_snake_case"": 1, ""unused_imports"": 4}"
crust__totp,0,measured,0,False,43,5,0,5,0.11627906976744186,"{""clippy::manual_is_multiple_of"": 1, ""clippy::needless_range_loop"": 1, ""dead_code"": 1, ""unused_imports"": 2}"
crust__totp,1,measured,0,False,47,5,0,5,0.10638297872340426,"{""clippy::manual_is_multiple_of"": 1, ""clippy::needless_range_loop"": 1, ""dead_code"": 1, ""unused_imports"": 2}"
crust__totp,2,measured,0,False,46,6,0,6,0.13043478260869565,"{""clippy::manual_div_ceil"": 1, ""clippy::manual_is_multiple_of"": 1, ""clippy::needless_range_loop"": 1, ""dead_code"": 1, ""unused_imports"": 2}"
crust__utf8,0,measured,0,False,72,2,0,2,0.027777777777777776,"{""dead_code"": 1, ""unused_imports"": 1}"
crust__utf8,1,measured,0,False,62,2,0,2,0.03225806451612903,"{""dead_code"": 1, ""unused_imports"": 1}"
crust__utf8,2,measured,0,False,63,3,0,3,0.047619047619047616,"{""clippy::manual_saturating_arithmetic"": 1, ""dead_code"": 1, ""unused_imports"": 1}"
crust__vec,0,measured,0,False,83,2,0,2,0.024096385542168676,"{""clippy::ptr_arg"": 1, ""unused_imports"": 1}"
crust__vec,1,measured,0,False,48,2,0,2,0.041666666666666664,"{""clippy::ptr_arg"": 1, ""unused_imports"": 1}"
crust__vec,2,measured,0,False,59,2,0,2,0.03389830508474576,"{""clippy::ptr_arg"": 1, ""unused_imports"": 1}"
